dop1_1,dop1_2,dop1_3,dop1_4,dop1_5,dop1_6,dop1_7
-67.8299738601461,113.141241196989,-103.96556863963,-44.476047296946,21.8074971851381,123.371061434964,-66.4468926223688
-67.8285833460844,113.123457624799,-103.955536507562,-44.6294562684628,21.5440956154614,123.443361707641,-66.4304318811661
-68.0000941685708,113.27400295488,-103.780029861081,-44.7565943767399,21.6250531343728,123.421919676687,-66.7058100829683
-67.9306079705112,113.036222054883,-104.003885619562,-44.5863292518702,21.6966510901736,123.36961595926,-66.6336631255272
-67.8852418464252,113.039641746986,-104.136699189502,-44.6881651882385,21.5342259619081,123.445597754051,-66.6371043564761
-68.0321821526137,113.085242208596,-103.993044916284,-44.7159247098117,21.7021389985768,123.459870678547,-66.6007294152498
-67.9886625763765,113.040551396216,-103.97528675107,-44.7052977792087,21.5935197895932,123.348359465162,-66.6414563593958
-67.9679520748432,113.050738071385,-104.039192461559,-44.7115662065129,21.6281846053676,123.255917395811,-66.7694377266988
-68.1104886392335,113.050057236652,-104.090353891849,-44.5871985682298,21.5367662014085,123.443158206052,-66.7093863464129
-68.1804441204091,113.155728390892,-104.027116456752,-44.6670667045231,21.5879480847496,123.269591816838,-66.724200622246
-68.062769868322,113.157881956093,-104.259206582078,-44.739542108447,21.5620558472259,123.287278347982,-66.8895659863744
-67.9515482401733,113.253944082871,-104.144221093703,-44.7095438419847,21.4099314263745,123.389850506396,-66.8164291099716
-68.093672640328,113.083922957978,-104.15103092679,-44.565440726722,21.5976275856383,123.502220020391,-66.8843118057889
-68.1380281255205,113.014986433284,-104.082405032914,-44.6822093722093,21.3843724095756,123.470888494141,-66.6572366477555
-68.2285040060876,113.254638013698,-104.064424687902,-44.8055419965885,21.3316765218708,123.34027394904,-66.9155252129594
-68.0812809463613,112.880104275388,-104.127176729804,-44.8094894676419,21.3651051169909,123.3399966815,-66.6999067946879
-68.0666101739961,113.062998366013,-104.218995492649,-44.7045564496216,21.3606881323208,123.331468076933,-66.8966961069301
-67.9767703556707,113.149813347763,-104.045491818759,-44.7643393530605,21.4699262563566,123.394585055895,-66.9130871971601
-68.231980311524,113.01295503447,-104.097211593061,-44.8341119777697,21.3019229138897,123.335707982615,-66.8625442878778
-68.255405405798,113.009611246221,-104.194887186658,-44.6596401956407,21.3622260840071,123.171096756502,-66.9022531130969
-68.3113495395594,112.974822165067,-104.317984517165,-44.7474936919365,21.2566845661445,123.221058395731,-66.9345758441524
-68.0283927201568,112.80019219444,-104.503041931816,-44.919137451514,21.281494216227,123.267281174759,-66.992397073234
-68.31584821571,113.065839861157,-104.301828489746,-44.6164203223067,21.2151023792399,123.260829706036,-66.8259504088697
-68.1146893542582,112.923837233442,-104.27358273565,-44.8121476954038,21.371694813756,123.49392101428,-66.9103066293716
-68.257544436944,112.975836991269,-104.172637540469,-44.9956895826717,21.2844562546941,123.285174951951,-67.0140149801748
-68.2666501127868,113.050110507487,-104.329719841815,-44.6218862998936,21.3841617996583,123.32912993848,-66.8606875977767
-68.2356500538571,112.974564616407,-104.142358165005,-44.9477319625352,21.1829198505586,123.289634657946,-66.9048390996164
-68.2355986171545,113.140919855207,-104.304268290589,-44.9264578364142,21.0896357393448,123.345640620608,-67.1717934122551
-68.2824979780337,113.046587808585,-104.264080247113,-44.8927638559267,21.0279642031275,123.371675351694,-67.1687876497447
-68.3224701556297,113.003252377435,-104.421455371428,-44.9057237991946,21.1806894838741,123.346378359133,-67.0872497284616
-68.1391967799396,112.943260950386,-104.322554746521,-45.0130784432148,21.0984357751607,123.204811835279,-66.9309827120524
-68.3614821953917,112.94366449809,-104.410533630778,-45.0746457004092,21.0695671938018,123.374444454912,-67.1456773418657
-68.3152175001559,113.065639167169,-104.408659657572,-45.0357876739652,20.9879176855988,123.300143244986,-67.2271740228946
-68.3674154776309,113.054866576145,-104.227622216604,-44.8352073694792,21.2224157494015,123.335673029325,-67.1965478937892
-68.3579109192242,112.812066333784,-104.402392894639,-45.0952979794039,21.1021351697716,123.246507826536,-67.111186810507
-68.3607425297788,112.989249955711,-104.489491946557,-45.1144664865746,21.0522162167436,123.393811879526,-67.1221939643534
-68.3826952786842,112.953449329868,-104.364124018694,-45.1662964329678,20.9278540587217,123.161064411212,-67.2800653175313
-68.4287780574709,112.981118849186,-104.396195922901,-45.0429122675261,21.0025781400162,123.115397783121,-67.2352322673915
-68.5349450226361,112.869373227427,-104.506098004929,-44.9367154365141,20.9623366202922,123.235680760621,-67.1485355612734
-68.4605428957149,113.007134181616,-104.332603396099,-44.8965367062786,21.0203578929144,123.170266196529,-67.1006334144497
-68.5862221442026,113.004348838721,-104.368658652626,-44.83581567436,20.9822006949858,123.188440254083,-67.31152564004
-68.4806921008738,112.816806304812,-104.620831954055,-45.053702553015,21.0125283314746,123.288828214098,-67.156007911082
-68.6971251901915,112.807300104293,-104.561343584765,-45.0741401460922,21.109210288999,123.162028896371,-67.1420193095416
-68.5448009887642,112.899011158733,-104.329727319499,-45.1259067983162,20.9526740241082,123.162217502005,-67.3444193501312
-68.5698020126926,112.850185248508,-104.572060515536,-45.0051994477704,20.7800658182663,123.122322264213,-67.2901678789886
-68.505800710995,112.998451564385,-104.594483098277,-45.094375416222,20.8239355908214,123.193551489448,-67.3496605124181
-68.6245976364027,112.969583501815,-104.689299799355,-45.1057393663446,20.7609090670129,123.265522885612,-67.5240819399864
-68.6565266961967,112.977075591072,-104.677746788527,-45.1664716843441,20.606391192267,123.328142372844,-67.4687248838272
-68.689556070656,112.805173811933,-104.48691469846,-45.0202577254995,20.6525844404606,123.201613083842,-67.5138430912047
-68.6284825385715,112.913365651908,-104.605705061395,-45.1617980386383,20.6940572612308,123.145853773353,-67.4745737080031
-68.7526554196367,112.68709989424,-104.570793168219,-45.1352841924785,20.7668223736045,123.23657437203,-67.4659732339109
-68.5799734724167,112.677355411925,-104.553020625602,-45.0721981500139,20.6940331455417,123.231216059847,-67.6410022291011
-68.7661977702418,112.777793071882,-104.810306691338,-45.1916658136425,20.5451846232166,123.287656316836,-67.6269316058037
-68.7599067951922,112.780704854978,-104.508576796653,-45.1809441710983,20.7644013495926,123.105207732178,-67.5933733887964
-68.8029666944968,112.735601916005,-104.706576691562,-45.1056023031142,20.7459226639556,123.174993562615,-67.5178286037944
-68.7788979714242,112.6989525831,-104.584480300375,-45.2371297421457,20.8061631547532,123.282024689214,-67.6217713074214
-69.0619940442478,112.924914745453,-104.677907344399,-45.0723539627484,20.6130413124424,123.247919351325,-67.519555294101
-68.8364440497114,112.933548679466,-104.820350701992,-45.017649413656,20.5504557433871,123.311122425182,-67.620761944409
-68.8269219469454,112.755862482223,-104.856396802392,-44.8100714202638,20.5947875175467,123.171813378473,-67.6493377802358
-68.8925564679936,112.799722349662,-104.634801236381,-45.2504717168695,20.4681452416813,123.153371522999,-67.5746750636971
-68.9189006343926,112.675976216463,-104.712279193752,-45.135704567084,20.6352678442487,123.309944746124,-67.6462671108847
-68.9452525166988,112.846781091029,-104.733873750008,-45.061793657106,20.5485045097351,123.2514927189,-67.5476860393566
-68.9174800314574,112.649155317548,-104.704105849727,-45.074381606024,20.443144435751,123.061544346605,-67.5501759844789
-69.0061019982516,112.682553987035,-104.704580062493,-44.9934293071172,20.4702611425222,123.102443036409,-67.6829246671927
-68.869086257397,112.805457937627,-104.938649065198,-45.1400035836897,20.486702607842,123.138231558857,-67.6932027015235
-68.9529846570475,112.560025079421,-104.769565492634,-45.097177493662,20.5121505855869,123.27598074309,-67.6859445329107
-68.8476483325615,112.693111632094,-104.839114361859,-45.3013265333981,20.5005882480962,123.06010458909,-67.7553462225624
-69.0641488012972,112.881881707431,-104.713002988362,-45.2133526090364,20.2536437450279,123.096225318033,-67.7491403178315
-69.016882977486,112.622827945985,-104.779189603241,-45.1984037825299,20.3094562506426,123.177813930617,-67.7215649441821
-68.882042504328,112.52848329238,-104.794017573197,-45.4239272331145,20.5094385946944,123.277323249535,-67.9470480746601
-69.0049656254607,112.546038854782,-105.005928219452,-45.444090185571,20.2668370794698,123.188031580314,-67.8405301575472
-68.9595448161633,112.629069021235,-104.854222771453,-45.2528953329512,20.2794415369144,123.245429449529,-67.8363670633382
-69.1383099606582,112.704477360483,-104.963825489186,-45.3269275524827,20.4030186310029,123.212661391012,-67.908829499196
-69.1897525480986,112.717858427011,-105.013164868145,-45.3110919554485,20.4082568029673,123.149475246517,-67.9344631870679
-69.1570205266581,112.465529027795,-105.090624726873,-45.3688077912577,20.3275337275046,122.904758513834,-68.0884127600309
-69.200308550304,112.599181213824,-105.000645551383,-45.2623397944757,20.4161113800387,123.120006616047,-67.8243043965682
-69.1125249050838,112.711551708104,-104.859092582415,-45.3163618001298,20.1621110842994,123.007962816594,-67.9666299739045
-68.9025386262021,112.563316707654,-104.990845382632,-45.2425424638482,20.1141681860839,123.101034273854,-68.1847441932564
-69.1689601605124,112.624089236632,-104.67195982779,-45.3237625884759,20.2364846694291,122.989162533281,-68.0565899853285
-69.2254895940745,112.498086129307,-105.047447668801,-45.2913067128744,20.0497869894669,123.012965001857,-68.0535445533467
-69.3053173434354,112.551455751473,-104.908956011837,-45.3108793791813,20.0185000551961,123.060661998117,-68.0218294830894
-69.2907199480126,112.44215649988,-105.142983352396,-45.2823712527316,20.0243748553672,123.104621989592,-68.1640334824515
-69.1339087827428,112.499001158434,-104.885946937966,-45.2761119022067,20.0955905222572,123.187063713935,-68.0762708575216
-69.2096321580788,112.582586824342,-105.17593276936,-45.4764618891995,20.4000642896288,123.122420453234,-68.0560536915741
-69.2683885698368,112.533259696516,-105.060413429154,-45.2806126444523,19.9716479032556,123.030761287504,-68.2600924566256
-69.4216983070771,112.394272630239,-105.016797809326,-45.4363714057389,20.1565086534893,123.125839021129,-68.1962575865563
-69.2614095458358,112.550866129858,-104.999465460289,-45.2644510138856,20.1461622888872,123.145827971293,-67.9701455230846
-69.3193779660386,112.546017705544,-104.957466939664,-45.1913667523317,20.138962317668,123.045483098213,-68.287141256034
-69.4668938690681,112.374516641306,-104.923125078208,-45.2579177376474,20.0025563627156,123.086580072816,-68.1650300213471
-69.3523822005303,112.538882382898,-105.044831577413,-45.3925391745083,20.1048216166245,123.041961536016,-68.1352243423928
-69.208316793085,112.493835330075,-105.320991695735,-45.3657282719554,20.0823672400733,123.109632050087,-68.2075781927056
-69.3413734814872,112.454810967338,-105.232807289112,-45.3487008049713,19.9334097221449,123.114211343925,-68.2002695773839
-69.4199142148466,112.491386700095,-105.247295673953,-45.367207814809,20.0254952889399,123.004602210649,-68.2997344916141
-69.2626715169429,112.466896625654,-105.29586203122,-45.4157008652428,20.101673727443,122.866072320302,-68.3685842718302
-69.4486704916368,112.506852466956,-105.163266035442,-45.3673116121229,19.999564715014,123.021629134158,-68.4126351843858
-69.2899048145341,112.445762434135,-105.236576491063,-45.4363496490393,19.911964492215,123.179059697253,-68.2678204014122
-69.3431351873298,112.394031227559,-105.065971442307,-45.2437178136596,20.0531443260463,123.119078278632,-68.3401711071389
-69.4180955147785,112.448730915722,-105.101101399718,-45.3199145360373,19.7683281403426,123.065499351078,-68.4032614145623
-69.5091758811342,112.304603221061,-105.332214722798,-45.3492395576464,19.7150258181726,123.113633314756,-68.2305263267259
-69.5703193477353,112.382534487527,-105.206588487337,-45.6735658834175,19.6588726798774,122.860802139319,-68.3787797724258
-69.6394690337877,112.450963171775,-105.354397804485,-45.329489373555,19.8247636815497,123.023961593964,-68.403269676644
-69.541042324032,112.241916083838,-105.156139684695,-45.3351305440959,19.9067490063245,122.776422551712,-68.3906614392568
-69.636210756905,112.494123011152,-105.183497227787,-45.540453353215,19.7469089529326,123.176725607482,-68.3531898883836
-69.5550275657902,112.52327408838,-105.409753860036,-45.4044773436757,19.9731498176873,123.080975271264,-68.3391518160033
-69.4888717123603,112.525921386822,-105.336219427695,-45.3481635262191,19.7064235544417,123.037642000098,-68.3735997883593
-69.5914087733308,112.551443671222,-105.417465785495,-45.427878340303,19.6786529678268,123.089098500608,-68.6256756250249
-69.5529386438553,112.128234927174,-105.426453556873,-45.4458716416582,19.526034135548,123.137145756715,-68.6232640731223
-69.6599220836067,112.377346859922,-105.265215892711,-45.6028499964773,19.5602608874569,123.11901475432,-68.7553043682387
-69.5147243993589,112.63701445148,-105.255532809,-45.5095189647465,19.6666827223964,122.956095390091,-68.6227521990058
-69.7818075670239,112.406136913262,-105.370795852213,-45.6006608163101,19.5489696726748,123.019690433087,-68.7563571511411
-69.6633404384803,112.196444389977,-105.366633263592,-45.3735408664928,19.5072651159072,122.978735674826,-68.6865636569333
-69.5420609613791,112.175859001018,-105.556371189071,-45.4476484266898,19.3578102112328,123.150806543834,-68.5722482250693
-69.9193360240874,112.263877822813,-105.387521700662,-45.4532403072641,19.3952158056306,122.946360460087,-68.5959008885591
-69.7307049335813,112.479893347751,-105.399056839646,-45.589202390341,19.582969086433,122.848263305273,-68.7684065050596
-69.5998482073132,112.398223602795,-105.33737763191,-45.4367592144931,19.4347579036361,122.875350461266,-68.6862521338705
-69.6633033829587,112.157360488485,-105.302110681247,-45.6589249130645,19.3932990432829,122.820350873079,-68.9225737662584
-69.6991203017497,112.345915793804,-105.405890148024,-45.7838319171463,19.3661517118899,122.752216637907,-68.7956746097398
-69.6634397092079,112.355123528376,-105.348791309288,-45.6300094551039,19.5498612109347,123.003006532726,-68.8195646643602
-69.8820275710571,112.210822053768,-105.422642898173,-45.5589396364597,19.5377487961606,123.008593169175,-68.7288494543414
-69.7242516117193,112.207392295713,-105.403224216814,-45.4975935049427,19.3763110320094,122.8976480969,-68.6979330262606
-69.8646443480815,112.196652231573,-105.524759133674,-45.5384506256731,19.4508271972146,122.909409435842,-68.7016497565536
-69.7214595210233,112.315638944297,-105.58416375503,-45.5782638636095,19.3279637764306,122.849332842477,-68.7552356768905
-69.8412401905718,112.260438323879,-105.413939340571,-45.6782423554604,19.4488700644173,123.023294381574,-68.6559566243802
-69.7124183228957,112.322800491127,-105.651077000681,-45.7191754055082,19.3039443096068,122.794384657871,-69.044011628305
-69.9170333324837,112.267970486581,-105.508208936973,-45.6954208915456,19.284077501671,122.690320548705,-68.874911549884
-70.0875538527292,112.238708059846,-105.51507892735,-45.6001557396454,19.3993004777686,122.843479068499,-68.9220520389614
-69.8786959161593,112.120928778958,-105.589337236574,-45.7212803867162,19.3633330654342,122.709564776993,-69.056103669829
-69.8551831866419,112.081865897272,-105.596906294553,-45.6237465306704,19.3340829076825,122.955517226002,-68.9964118149101
-69.9307383731912,112.128907421612,-105.622081064046,-45.713829039091,19.2721432494255,122.779250519258,-69.0436107993954
-69.9027813323643,112.091685729098,-105.660399587481,-45.5889034959855,19.2404538675916,122.789912407237,-69.0388680107284
-69.9499385789522,112.115922517659,-105.542917386047,-45.6964596401899,19.2746371760605,122.851621860249,-68.9373610440406
-69.8836627503525,112.106114000349,-105.549130684279,-45.6590898764018,19.104195897526,122.982226173807,-68.9153137607793
-70.1380853435395,112.201974908127,-105.470220057556,-45.6199303154477,19.2724273492369,122.982521614197,-69.1502971277065
-69.7963625069982,112.145137449144,-105.589226325476,-45.7185404590024,19.1905893887971,122.990710397411,-69.2537531363487
-70.1288100332075,112.205147083038,-105.682323204483,-45.5346062763898,19.0191413851945,122.914829080789,-69.1541732396937
-70.139835060712,112.267418303225,-105.85296748231,-45.6593452606727,19.0858791183876,123.024017674912,-69.0082739295953
-70.0124287610301,111.960746517407,-105.585655905834,-45.7921661949789,19.1262915464328,122.717567615983,-69.2603289346771
-70.191876839124,112.127695952568,-105.774659375138,-45.7256151670828,19.1566751934227,122.675873021923,-69.3524881760754
-70.0570070592891,112.141970853169,-105.541604048307,-45.9282002441749,19.0924286445793,122.805385761657,-69.1964810252209
-70.2703384042023,112.134890971992,-105.730891640831,-45.9870722510395,19.0785994481548,122.683540690324,-69.2554528841449
-70.215937208607,111.957060081443,-105.67300528951,-45.6820756222975,19.0390950564017,122.923152207289,-69.178478281662
-70.0595252633373,112.266407825624,-105.613066145176,-45.5786169923949,19.1268828438006,122.839545537608,-69.3967970109601
-70.285435265748,111.936359500222,-105.743059053406,-45.7401681731546,18.9554484991169,122.76604526619,-69.220789729072
-70.1141717310604,111.998234398795,-105.72202338514,-45.7653161390314,19.0117262038003,122.795895616986,-69.4326703238017
-70.1586097769911,112.070452416024,-105.801265215134,-45.8283309829045,18.755627211268,122.965298327097,-69.2619810998733
-70.393053141355,112.105345759683,-105.947424472418,-45.744779403719,19.1367043596663,122.786685627494,-69.2979217457769
-70.1299763019403,111.963745263355,-105.896508236436,-46.0019244904863,18.816183487953,122.862596874332,-69.2305917137607
-70.1785050408473,112.061074979953,-105.963164637492,-45.7253309479201,19.0984345572264,122.7772203527,-69.3975527334524
-70.2756394580066,111.90153105756,-105.877200290335,-45.7727725960541,18.8682765304919,122.598418350555,-69.4906066467519
-70.2738916531519,112.218542753649,-105.998636083223,-45.7024430308513,18.9352442808401,122.933473363797,-69.4200122059508
-70.3867630576704,111.964756068873,-105.726802998168,-45.7779198178521,18.8348250121248,122.799144825825,-69.4430898928969
-70.2742953609467,112.012976584556,-105.905958997087,-45.9157415829518,18.7613802035423,122.698326010303,-69.3142379907779
-70.3655026464865,111.978614524584,-105.897243000691,-45.6704876871539,18.6141539270989,122.979565390333,-69.4337834343994
-70.3267710973137,111.95751147043,-105.976911590088,-45.8286472995805,18.7825411287614,122.813966653778,-69.4238365455528
-70.5047594234798,111.939562269823,-105.914250290801,-45.6221083540344,18.6446967086519,122.835906599826,-69.609101441074
-70.3862504106588,111.905601640238,-106.268727766224,-45.7947652510291,18.7341048525004,122.871869878162,-69.2799513301028
-70.3339345581687,112.007201631424,-105.94872255993,-45.9255295413904,18.7744298880865,122.901380824004,-69.3863128084951
-70.4730103117802,112.037998959968,-105.877507654191,-45.9047847849301,18.5879381008206,122.783806272357,-69.6549415732584
-70.4138501675546,111.935437351996,-105.950957658361,-45.836184962897,18.6509102976999,122.639474789857,-69.6150411638436
-70.3363923382438,111.898189569082,-105.969139586416,-45.984201013314,18.7240792091265,122.645093449047,-69.6444765224386
-70.3126716797649,111.82970129241,-105.974026443543,-45.8534949079786,18.8275284852384,122.739775047929,-69.6466707531275
-70.4774464991773,111.945862932953,-105.822107014589,-46.0132951589446,18.6244147364116,122.634373641751,-69.5272437066305
-70.6566390977381,111.799789066635,-106.141728626286,-46.0454125022106,18.5949986193693,122.695397021802,-69.6212145708504
-70.6503991754633,111.975499033804,-105.901328888592,-45.791766657949,18.4985331931999,122.558144186386,-69.7088947733997
-70.5190788168268,111.895149060724,-105.944077395187,-46.1280940167813,18.469412363206,122.542422117885,-69.6049494886096
-70.4293424285758,111.908430529068,-106.00445965901,-46.0228041859896,18.6739326716008,122.574898774912,-69.6953161422736
-70.5309002946035,111.767729940273,-106.113057804692,-45.8337108019016,18.563275656867,122.708561919968,-69.6202833439434
-70.5253561099778,111.913245898276,-106.1007707289,-45.9988968310333,18.3242601422288,122.69574292478,-69.6998390477273
-70.3809853972968,111.868572202069,-105.98623827702,-46.0661963338121,18.3265069910729,122.767407064617,-69.6424215598525
-70.4441408166822,111.740417904808,-106.126024276115,-46.083885557708,18.4335989320506,122.714712038582,-69.7621749808445
-70.5924091266322,111.67202921121,-105.977560000971,-46.0228945728017,18.4990422935686,122.571596519351,-69.7977740752613
-70.6263089051461,111.915180170797,-106.03601349333,-46.0191479635737,18.3632531256331,122.667067530423,-69.8251329030743
-70.5540373001587,111.771190426601,-106.080850917026,-45.9382567686958,18.4369669527389,122.666628446083,-69.7129141377789
-70.6801262698728,111.954018859607,-106.151296704133,-46.04615157374,18.3886172447552,122.806148655555,-69.9505234028444
-70.8274932893604,112.022154241552,-106.212322525292,-46.0207668878652,18.5295631074859,122.752971654862,-69.8583701875726
-70.7784349421818,111.806869953242,-106.214167018993,-46.0337468608762,18.4356178262807,122.659979486786,-69.8690090704816
-70.6837219052294,111.664837393593,-106.212987584717,-45.8316275935697,18.3462028752371,122.567946190118,-69.993726071162
-70.6356980051086,111.827336550842,-106.028686426623,-45.9403384083496,18.443642136896,122.7228344425,-69.8762086576609
-70.9022624487913,111.755343079304,-105.993498705513,-45.9727549318304,18.3080479822391,122.61224876565,-69.9275089013491
-70.726611225892,111.856883794335,-106.196237701648,-45.9462749144428,18.2418444498892,122.568860825331,-69.966104797975
-70.9324866289807,111.841375843569,-106.261718317654,-46.0116842924479,18.0467076326041,122.61412917638,-69.9550168716761
-70.7858364178772,111.60556316491,-106.304907578815,-46.1364587112022,18.2322261572596,122.704691419434,-70.0568369749336
-70.7088687470462,111.811449031214,-106.424790879619,-46.01568957292,18.2187457284863,122.476310674828,-69.9434952587055
-70.8484219895167,111.703150142625,-106.289829981063,-46.0958028093386,18.2602195321745,122.561292940975,-69.9203559407513
-70.7535020951288,111.658051379233,-106.503879122812,-46.0870336647688,18.401979258187,122.569605763825,-69.9410605018277
-70.9447210179873,111.729758705895,-106.341054096607,-46.1005655366518,18.2767174398131,122.688719395454,-69.9548521823121
-70.9230359840888,111.709580024967,-106.315863597935,-46.257137427389,18.1713499000191,122.53389862215,-69.9801112336019
-71.0787813140195,111.6746263734,-106.509190132003,-46.003917395274,18.1155194353576,122.540051801665,-69.9695894167166
-70.8555446992682,111.635597468618,-106.222411090692,-46.0944300463214,18.0536502159149,122.494159559895,-70.2239314002105
-70.9170057623195,111.765169896479,-106.406370245087,-46.1611449096493,18.0310203665029,122.852863237078,-70.2391867640195
-71.0675895480724,111.703215683809,-106.417788485797,-46.2761767611983,17.9018936870729,122.572888533053,-70.1746797042054
-70.9342654778949,111.805464147451,-106.427653264152,-46.1485685711285,18.0927525262316,122.442464589658,-70.2713577725943
-70.9330888083101,111.91520057148,-106.338134912968,-46.0882272707144,18.1653747549487,122.638042833454,-70.1650786164624
-70.976435910937,111.485170512694,-106.497389577404,-46.0908500764903,18.0236593312829,122.553903781998,-70.3011763291975
-71.126083264841,111.640466263573,-106.529772994962,-46.2606930738988,17.7712673156866,122.749730930214,-70.2054929283059
-71.3174384778011,111.680158577662,-106.365370416326,-46.1308001703033,17.8341129141972,122.586438025077,-70.1385855246415
-70.8631535667691,111.67095409471,-106.414788612346,-45.9292340831409,17.9569368854704,122.669321468353,-70.275432312478
-71.0926303165148,111.769336219217,-106.562637133674,-46.4711893166086,18.014277965858,122.53972199822,-70.3267818283872
-71.0983365349463,111.810640146003,-106.638341453836,-46.24305413986,17.9448888465216,122.61353343919,-70.120886893768
-71.0133558778793,111.671566590832,-106.427935724002,-46.054124131774,17.9981152385207,122.613888348451,-70.5438764377328
-71.1699846947169,111.795278633911,-106.493123519673,-46.3363142909587,17.8107915499741,122.600451811788,-70.2772569611101
-71.1485795030862,111.695483849331,-106.401039774073,-46.3059288863868,17.9049194231577,122.687567491504,-70.4064692947263
-71.2814847865771,111.738351683494,-106.56276466134,-46.2710409976076,17.8394764728997,122.595702919074,-70.3565859591371
-71.2616250030709,111.612298123872,-106.635066123204,-46.2117757961628,17.70781592187,122.635774934407,-70.3409510977919
-71.2163529430251,111.608654565745,-106.598408349027,-46.0853837586628,17.8316038516144,122.570035533006,-70.2849174826336
-71.254721106765,111.524332541514,-106.66539778251,-46.082483429615,17.7791587492343,122.528948260942,-70.3762724036085
-71.1389803516426,111.627167883601,-106.542337167587,-46.2464488129231,17.8919073555686,122.613796197105,-70.587365694109
-71.17137641172,111.583332973299,-106.697353300468,-46.4085555636713,17.7908378216621,122.655681170715,-70.4781561692463
-71.3039853364608,111.654593666087,-106.752051869679,-46.2388963228671,17.7512815181832,122.547218858936,-70.2317723140613
-71.3060724595601,111.833823345977,-106.768324694954,-46.1335826320642,17.6328565354819,122.625211081068,-70.5475037555546
-71.2285942134611,111.751773579366,-106.711394056814,-46.3178691113732,17.6501101687734,122.50801290327,-70.6189622959134
-71.2715912362725,111.582046167509,-106.661202157577,-46.4440134722562,17.8669966298707,122.443929234331,-70.3866463615152
-71.2484251274508,111.564111428489,-106.626900455148,-46.3660173146685,17.5206959381754,122.54870434495,-70.4847252167096
-71.3210678110743,111.428235588716,-106.696704693565,-46.3621249442399,17.5235717511115,122.375971932015,-70.5919340761253
-71.3000124232049,111.526578153083,-106.509464014335,-46.279348859834,17.8390315256908,122.528830987274,-70.428581030564
-71.3716738407971,111.506991295099,-106.632216422103,-46.2748414008441,17.5798310763465,122.65928549577,-70.7303807242367
-71.3405543078837,111.751703612248,-106.75042058646,-46.1918357993135,17.5143580613332,122.455454039978,-70.694675620304
-71.4325570450471,111.548685252435,-106.733718660778,-46.1925461454705,17.593013353096,122.64793726643,-70.4299007937324
-71.4242180760473,111.535109135273,-106.833340137775,-46.3731210240375,17.4460319007421,122.595115992673,-70.7517265036912
-71.6236234346338,111.335398789794,-106.81010674599,-46.2738001487824,17.5934163763034,122.516585082314,-70.6130521335422
-71.570878161652,111.520075068163,-106.682199719017,-46.3667607889974,17.4756543365692,122.532777384269,-70.7534513643519
-71.6041255504984,111.374228236407,-106.67242783022,-46.3348347750188,17.5068544828537,122.519882848296,-70.5377679608099
-71.3968866410936,111.702373205692,-106.595060288393,-46.410520265887,17.4798905469294,122.280977897886,-70.9528700786066
-71.5468989670233,111.526495219811,-106.827519382832,-46.5117875898688,17.6591450205474,122.425366007001,-70.6956006883021
-71.3561962004463,111.402694194532,-106.950091749359,-46.4010383168773,17.3856805033556,122.29543536347,-70.6449125300357
-71.3962645727778,111.326584424539,-106.753003699089,-46.3799216454753,17.4710800350835,122.621002648489,-70.7805480774294
-71.5553537031101,111.525788373331,-106.936673099246,-46.4348981557444,17.2903386514126,122.449878915674,-70.9272832809983
-71.5787555431777,111.53431799667,-106.856162660676,-46.3561111959758,17.4992707946066,122.46744760875,-70.8889294220767
-71.5180407955906,111.337955577728,-106.893621356119,-46.5934928133731,17.4923231247511,122.322821517833,-70.958580149875
-71.5237111123802,111.40172137775,-106.778846666893,-46.4993865033524,17.2993294548845,122.440487957817,-70.9336081094537
-71.6145118035851,111.342655870738,-106.929343977409,-46.4081456665747,17.3265877065918,122.489817674715,-70.9171785495694
-71.6191061535695,111.291178259296,-106.932240039864,-46.4437234768461,17.1554390748777,122.605102706663,-70.7483611417477
-71.5330286317255,111.411443280854,-107.103916749849,-46.4590161332108,17.4031386046157,122.327690338205,-70.8904770642529
-71.4950693396299,111.285278902558,-106.817569565207,-46.4640182164764,17.361093569159,122.212526171299,-70.8642069305177
-71.6263715432963,111.193605815593,-107.09631325165,-46.4288454221712,17.3069244195121,122.347321054979,-71.0544606486558
-71.5916965939767,111.61332674144,-106.87051932451,-46.5605124895067,17.3536283861,122.539834866919,-71.0753381902124
-71.6683331651148,111.323293511669,-107.032761786493,-46.5161560299298,17.0772762049272,122.51672478198,-71.004344503148
-71.5731110225182,111.387116435812,-107.004150379835,-46.5069084612084,17.1384968830134,122.308162748821,-71.0294988128761
-71.5951906275331,111.156007630108,-107.12121436396,-46.2595326253945,17.0683526963344,122.414359168353,-71.01508650148
-71.6158940496918,111.368219460264,-107.035446848379,-46.4133354398658,17.2239574136379,122.191506350164,-71.0910562318432
-71.7479321013423,111.357581963228,-106.994384274259,-46.5382723912408,17.1866714226772,122.224908974169,-71.1426934403492
-71.7778086907635,111.08567330678,-107.16133524213,-46.5151565101748,17.0459716283738,122.234882424415,-71.1322898056186
-71.5816454597155,111.527132524322,-106.91527606594,-46.4263734472491,17.1632295175591,122.405402772908,-71.192930498555
-71.7532599275986,111.399714060769,-107.066333706663,-46.5447491909317,16.8022836298732,122.334595726231,-71.179956873929
-71.6535657159117,111.325326441284,-107.135148239585,-46.6230785547054,17.0389654350787,122.380113697247,-71.3469637719359
-71.7831092508706,111.343245987098,-106.96026844905,-46.4518149224515,16.8151035603429,122.320129311282,-71.0139610885821
-71.8439443717978,111.193061949819,-107.034024129254,-46.5325909624885,17.035578154552,122.512921418592,-71.2298863309504
-71.9983163155128,111.300396100318,-107.078490556613,-46.5429266265598,16.8689490006843,122.427029301229,-71.0663528580347
-71.786099489211,111.205976443053,-107.043157852443,-46.6417130784664,17.1339594381765,122.214875924148,-71.2930359335604
-71.8877216255478,111.308831639321,-107.166125343683,-46.7021373333308,16.9915966618953,122.18912804176,-71.3120536702439
-71.918701179143,111.143140151502,-107.386121512022,-46.6815566950629,16.7704763290693,122.413688181642,-71.2136012736844
-71.8472593715003,111.203342554382,-107.381464209254,-46.4523242470822,17.0068220497519,122.395690014692,-71.318230370707
-71.9287540373113,111.150233766265,-107.110394034999,-46.6333065980327,16.9259793320052,122.429394824715,-71.211325855942
-72.1170962120409,111.230151870694,-107.155125764551,-46.6820700348418,17.0014244234414,122.437797965107,-71.3642692311456
-72.0745386451949,111.192776516913,-107.118811363197,-46.5696792967873,16.8448309158886,122.1757107716,-71.459923963774
-71.8498371454573,111.104493075674,-107.358631566363,-46.5845943885359,16.9120198174785,122.325261445114,-71.5541088411067
-71.9957585610852,111.231672273487,-107.200301867473,-46.620339845568,16.9097390139042,122.48450590812,-71.3010073532761
-72.1236829792036,111.216813688525,-107.314055392764,-46.5788772007476,16.6815513356283,122.103875256637,-71.4235874876033
-71.942045448012,111.23001384831,-107.315091941404,-46.7102090205547,16.9605594681722,122.317960193229,-71.5348113769304
-72.2234412158688,111.278289423854,-107.159686462479,-46.6478992324348,16.7671090585157,122.319565539605,-71.0977285687821
-72.1536397155194,111.264668074901,-107.236924764469,-46.6560426609336,16.6749341654184,122.296187243273,-71.413252504583
-72.0718581964151,111.021158657529,-107.165512982668,-46.453655195511,16.6932191099457,122.349493800528,-71.6673043109088
-71.9889570893082,111.24411969017,-107.327209797233,-46.5431806858201,16.6727908703663,122.257892603832,-71.3254733464069
-72.0751270340079,111.276916763855,-107.115916819441,-46.6856397558001,16.5824801159394,122.392441864037,-71.5923101035494
-72.1209706222711,111.073867528007,-107.617808477472,-46.6883877850873,16.5868932652771,122.3650912279,-71.6468617942284
-72.1850092995791,110.924765705574,-107.462231055859,-46.611588442571,16.8259564754931,122.201569038531,-71.5945151882903
-72.1764408541354,111.037376200913,-107.248113039647,-46.7305731918197,16.6218725940176,122.361916520367,-71.5851528880327
-72.1294885820527,111.054855924495,-107.397419691451,-46.4420429090369,16.583138124547,122.339197209085,-71.526700172413
-72.285141639618,111.047959741407,-107.239150556552,-46.7677504242227,16.5790992721529,122.240566943829,-71.5963927067136
-72.136536897784,110.987006063702,-107.647959260382,-46.6928617013253,16.696230431035,122.240553245954,-71.6851937449661
-72.3425660786712,111.099217833974,-107.432384444841,-46.7502111864089,16.4741226290973,122.503169214525,-71.60824557266
-72.0367535701084,111.177182805701,-107.477753237695,-46.7566447156227,16.650120443117,122.176165947918,-71.6416295879503
-72.3082645149001,110.991385335475,-107.576415554263,-46.6630414511628,16.4621025169826,122.447277143497,-71.65485907286
-72.3918774795426,110.922675139545,-107.425721218789,-46.7897505665439,16.6391240696719,122.142428364303,-71.7112819709147
-72.2211435529666,110.983428072651,-107.481521671521,-46.7343990753926,16.4679113112934,122.111821140997,-71.7271725770137
-72.360010176103,111.172000281155,-107.483928094255,-46.5981530289205,16.3999253109561,122.11300681238,-71.5642743929396
-72.2275540422738,110.865808700321,-107.466553562231,-46.6590891386486,16.2441265646231,122.146205147579,-71.6900125375232
-72.3211276832526,110.79905490361,-107.54619737656,-46.7630859028583,16.5422749755482,122.260642235493,-72.0961948156765
-72.1706424270469,110.997525179806,-107.582533600778,-46.8752269353566,16.3150320775313,122.239148130662,-71.7851500716203
-72.3058889737878,110.869508873894,-107.3392489934,-46.7931673252465,16.299098475925,122.239519942086,-71.8390445109945
-72.3090263047887,111.10693045065,-107.409057073876,-46.6789513600435,16.3426128323715,122.311547152462,-71.7932582589941
-72.6163723913851,110.912528315656,-107.478290076542,-46.813152967046,16.5010214266047,122.038739809944,-71.8918522831904
-72.30738334759,111.00299157877,-107.559278660288,-46.7958880878799,16.3014972748427,122.062808895551,-72.1547334739447
-72.5023823133492,110.991443362425,-107.499716054613,-46.8165372502953,16.283745466056,122.411349089354,-71.9660460943467
-72.2859302686664,110.76756599965,-107.529796141238,-46.7954258151547,16.2683432370007,122.161766359094,-72.1592537406355
-72.4633572375515,110.97522017338,-107.468837303139,-46.9652085550472,16.2481091135632,122.313152378923,-71.8087910091466
-72.4582716995779,110.923349173062,-107.690990130805,-46.7369569538309,16.2962302632285,122.002785021194,-71.7912868291587
-72.6838160386978,111.074240914168,-107.630134469055,-46.9096791509848,16.2454924919568,122.360842858521,-72.0770359388719
-72.2237572699282,110.746916726985,-107.780990993592,-46.8582641660861,16.1998321391862,122.172944609649,-71.9385890241398
-72.4459159376667,111.136643978238,-107.693494997366,-46.8761720530593,16.3394475344542,122.087342635989,-72.2040983208598
-72.5476759136012,110.916804744373,-107.679918269934,-46.5016768412205,16.0913492150829,122.015985406619,-71.9766890909921
-72.4365925691054,110.977275696186,-107.659651970995,-46.8326488451807,15.8490602165049,122.221048716888,-72.1130557500187
-72.4920721860837,110.947674779907,-107.729469118022,-46.9381235403125,16.1424043046385,122.038310784232,-72.0173189990072
-72.329785514953,110.747887445173,-107.712301483071,-47.0027438871415,16.1563955379986,122.067083197095,-72.0541959934774
-72.459893293216,110.839964056768,-107.802329959685,-46.7922590776513,16.212266382295,122.105274635229,-72.1126715131997
-72.6635355864577,110.834662018793,-107.754283331811,-46.9034589403172,15.8988404134972,122.220239938712,-72.1972976136762
-72.5479526888294,110.926727517575,-107.855885731815,-46.9359401105742,16.1086096965106,122.087765908044,-72.1512159579712
-72.7948275072268,110.711561275499,-107.677649966281,-47.0039700632561,15.9266144008938,122.103521869183,-72.0654377852148
-72.5436365839127,110.751681792026,-107.59771722146,-46.9808484348794,16.0644068936773,122.22259345531,-72.0689454286808
