Epoch, Latitude, Longitude, Altitude
0, 36.3722726738, 127.3587550638, 91.2149142716
1, 36.3722723364, 127.3587548976, 91.1699870005
2, 36.3722722795, 127.3587545326, 91.1312862681
3, 36.3722721581, 127.3587543730, 91.1302402886
4, 36.3722718939, 127.3587543364, 91.1034377748
5, 36.3722716330, 127.3587540652, 91.0374999372
6, 36.3722713571, 127.3587542336, 91.0810520090
7, 36.3722711820, 127.3587545286, 91.1590118194
8, 36.3722709992, 127.3587544846, 91.1446727142
9, 36.3722709365, 127.3587543122, 91.1081375340
10, 36.3722706169, 127.3587543897, 91.1063783951
11, 36.3722703158, 127.3587545084, 91.1033570049
12, 36.3722701835, 127.3587544405, 91.0869032806
13, 36.3722698246, 127.3587545272, 91.0778089361
14, 36.3722696447, 127.3587545936, 91.0712496201
15, 36.3722694260, 127.3587545809, 91.0426950697
16, 36.3722695036, 127.3587542967, 90.9774482809
17, 36.3722694619, 127.3587541569, 90.9360119691
18, 36.3722693545, 127.3587543370, 90.9641848737
19, 36.3722691711, 127.3587546240, 91.0072472151
20, 36.3722690584, 127.3587547256, 91.0094086099
21, 36.3722689305, 127.3587547315, 90.9888610793
22, 36.3722689116, 127.3587544843, 90.9553284515
23, 36.3722688071, 127.3587543760, 90.9144716477
24, 36.3722687254, 127.3587544731, 90.9258001558
25, 36.3722688062, 127.3587544291, 90.9252527012
26, 36.3722686142, 127.3587545490, 90.9245418496
27, 36.3722684812, 127.3587547902, 90.9698869847
28, 36.3722684559, 127.3587548824, 90.9826658489
29, 36.3722684348, 127.3587548861, 90.9699214911
30, 36.3722683210, 127.3587548537, 90.9535346553
31, 36.3722680102, 127.3587550196, 90.9359780885
32, 36.3722678700, 127.3587550299, 90.9204977816
33, 36.3722677867, 127.3587550796, 90.9011552073
34, 36.3722677608, 127.3587550385, 90.8692397904
35, 36.3722677749, 127.3587551054, 90.8503758702
36, 36.3722677096, 127.3587553394, 90.8712402377
37, 36.3722676008, 127.3587554735, 90.8764504222
38, 36.3722674260, 127.3587557311, 90.9006140335
39, 36.3722672313, 127.3587560438, 90.9195903921
40, 36.3722671664, 127.3587561002, 90.8975587329
41, 36.3722670453, 127.3587562232, 90.9102124190
42, 36.3722669134, 127.3587563819, 90.9046762642
43, 36.3722668720, 127.3587564849, 90.8974587517
44, 36.3722668024, 127.3587567228, 90.9561862601
45, 36.3722667028, 127.3587568437, 90.9862314686
46, 36.3722666234, 127.3587569081, 90.9653815879
47, 36.3722665422, 127.3587571096, 90.9763293732
48, 36.3722663307, 127.3587575666, 91.0215722676
49, 36.3722662626, 127.3587576777, 91.0067132609
50, 36.3722661423, 127.3587576632, 90.9819152076
51, 36.3722659975, 127.3587577473, 90.9842397859
52, 36.3722657772, 127.3587577545, 90.9713844508
53, 36.3722654988, 127.3587579733, 90.9658567766
54, 36.3722653964, 127.3587580441, 90.9770373739
55, 36.3722652390, 127.3587581260, 90.9775033835
56, 36.3722650711, 127.3587583581, 90.9971290966
57, 36.3722649655, 127.3587584934, 91.0239828574
58, 36.3722647503, 127.3587586102, 91.0147767505
59, 36.3722643246, 127.3587587770, 91.0113525223
60, 36.3722639132, 127.3587589774, 91.0200984739
61, 36.3722637260, 127.3587591157, 91.0387885422
62, 36.3722634288, 127.3587593429, 91.0516660986
63, 36.3722631260, 127.3587594946, 91.0693240082
64, 36.3722629895, 127.3587598766, 91.1532117892
65, 36.3722631628, 127.3587605002, 91.3165889736
66, 36.3722689093, 127.3587585902, 91.5641247081
67, 36.3722699737, 127.3587584981, 91.6982940063
68, 36.3722700974, 127.3587587919, 91.7956296811
69, 36.3722700816, 127.3587590673, 91.8607582953
70, 36.3722700495, 127.3587590621, 91.8679887624
71, 36.3722699850, 127.3587588654, 91.8530436056
72, 36.3722700167, 127.3587586106, 91.8157740356
73, 36.3722699488, 127.3587584144, 91.7890587924
74, 36.3722698090, 127.3587582151, 91.7542513087
75, 36.3722693824, 127.3587579296, 91.6523668962
76, 36.3722676451, 127.3587578367, 91.4483538428
77, 36.3722582686, 127.3587611433, 91.1161938133
78, 36.3722606634, 127.3587593317, 90.9870478073
79, 36.3722657166, 127.3587563310, 90.8888687650
80, 36.3722558341, 127.3587600726, 90.6054668790
81, 36.3722551333, 127.3587598828, 90.4904421642
82, 36.3722578020, 127.3587589050, 90.5822278121
83, 36.3722575170, 127.3587592333, 90.6547655771
84, 36.3722579489, 127.3587591713, 90.7026165789
85, 36.3722593342, 127.3587587549, 90.7662769621
86, 36.3722605635, 127.3587584663, 90.8592284033
87, 36.3722603806, 127.3587586369, 90.8826367222
88, 36.3722602334, 127.3587590365, 90.9491216093
89, 36.3722608781, 127.3587592121, 91.0825710893
90, 36.3722609397, 127.3587594619, 91.1470641736
91, 36.3722616467, 127.3587595072, 91.2376387948
92, 36.3722624136, 127.3587595672, 91.3418860510
93, 36.3722631560, 127.3587593834, 91.3853530539
94, 36.3722639073, 127.3587592354, 91.4427717617
95, 36.3722638070, 127.3587596540, 91.5188759491
96, 36.3722640049, 127.3587598367, 91.5791982142
97, 36.3722643935, 127.3587598883, 91.6333288513
98, 36.3722645706, 127.3587600175, 91.6838020561
99, 36.3722649678, 127.3587600860, 91.7335076416
100, 36.3722653683, 127.3587600303, 91.7467120308
101, 36.3722658215, 127.3587598269, 91.7351827240
102, 36.3722662347, 127.3587597953, 91.7711074110
103, 36.3722663987, 127.3587599955, 91.8235659171
104, 36.3722666016, 127.3587601289, 91.8623668551
105, 36.3722667134, 127.3587603032, 91.9068218004
106, 36.3722670052, 127.3587604731, 91.9764114637
107, 36.3722672631, 127.3587606991, 92.0575818177
108, 36.3722673985, 127.3587608614, 92.1165486015
109, 36.3722677413, 127.3587608977, 92.1380519774
110, 36.3722680158, 127.3587609194, 92.1725016823
111, 36.3722683532, 127.3587609048, 92.2254882688
112, 36.3722686384, 127.3587608830, 92.2464609416
113, 36.3722688946, 127.3587607754, 92.2373556206
114, 36.3722691002, 127.3587607431, 92.2328311326
115, 36.3722693339, 127.3587609775, 92.3032497736
116, 36.3722695921, 127.3587612603, 92.3735764045
117, 36.3722699262, 127.3587612613, 92.3992378367
118, 36.3722701847, 127.3587613024, 92.4411624912
119, 36.3722704571, 127.3587611453, 92.4400755716
120, 36.3722708045, 127.3587611500, 92.4471012596
121, 36.3722710434, 127.3587613775, 92.5077362051
122, 36.3722712239, 127.3587616279, 92.5621376289
123, 36.3722714768, 127.3587617487, 92.5861112168
124, 36.3722717224, 127.3587616486, 92.5828829790
125, 36.3722719045, 127.3587616569, 92.5757849328
126, 36.3722721556, 127.3587615808, 92.5609336887
127, 36.3722723497, 127.3587615486, 92.5511515401
128, 36.3722724415, 127.3587618798, 92.6155783711
129, 36.3722727338, 127.3587621665, 92.6870358987
130, 36.3722729662, 127.3587621521, 92.6987346290
131, 36.3722732841, 127.3587620953, 92.7241260950
132, 36.3722735698, 127.3587621239, 92.7494422272
133, 36.3722738063, 127.3587621184, 92.7572266599
134, 36.3722739648, 127.3587622339, 92.7680271314
135, 36.3722740253, 127.3587624468, 92.8077423731
136, 36.3722741482, 127.3587625087, 92.8215332730
137, 36.3722744280, 127.3587622698, 92.7681313222
138, 36.3722745633, 127.3587621752, 92.7548663151
139, 36.3722746973, 127.3587622333, 92.7735681040
140, 36.3722749066, 127.3587621573, 92.7675133413
141, 36.3722750341, 127.3587621102, 92.7868571971
142, 36.3722751582, 127.3587621955, 92.8227884015
143, 36.3722753675, 127.3587621511, 92.8127650190
144, 36.3722754530, 127.3587619432, 92.7953293193
145, 36.3722755183, 127.3587618152, 92.7920741774
146, 36.3722756863, 127.3587617434, 92.7943302440
147, 36.3722757846, 127.3587618028, 92.8049162524
148, 36.3722757858, 127.3587619858, 92.8608347084
149, 36.3722758168, 127.3587620741, 92.8895825595
150, 36.3722759494, 127.3587618270, 92.8479619361
151, 36.3722761851, 127.3587615157, 92.8169818865
152, 36.3722763346, 127.3587612097, 92.8019176330
153, 36.3722764303, 127.3587609395, 92.7786165606
154, 36.3722764165, 127.3587609502, 92.7868625280
155, 36.3722764240, 127.3587608550, 92.8072244460
156, 36.3722764254, 127.3587606823, 92.8060316565
157, 36.3722763155, 127.3587607246, 92.8089364050
158, 36.3722762477, 127.3587607296, 92.7898759004
159, 36.3722762607, 127.3587606375, 92.7527614646
160, 36.3722762859, 127.3587603765, 92.7088839216
161, 36.3722763773, 127.3587602593, 92.7090809355
162, 36.3722764438, 127.3587602193, 92.7157192612
163, 36.3722765262, 127.3587601500, 92.7039866485
164, 36.3722764978, 127.3587602165, 92.7101771180
165, 36.3722764369, 127.3587603015, 92.7205492929
166, 36.3722763325, 127.3587603798, 92.7147521917
167, 36.3722764107, 127.3587603315, 92.7247227514
168, 36.3722764630, 127.3587604137, 92.7493982390
169, 36.3722764096, 127.3587604201, 92.7331597768
170, 36.3722762638, 127.3587604874, 92.7359427260
171, 36.3722761894, 127.3587605648, 92.7500415202
172, 36.3722760800, 127.3587607293, 92.7516266601
173, 36.3722760754, 127.3587607242, 92.7398562087
174, 36.3722761416, 127.3587605819, 92.7018803218
175, 36.3722759533, 127.3587608580, 92.7108646445
176, 36.3722758624, 127.3587609980, 92.7202615654
177, 36.3722758610, 127.3587610273, 92.6980664590
178, 36.3722757634, 127.3587612243, 92.7039219327
179, 36.3722757246, 127.3587612506, 92.6887344755
180, 36.3722756760, 127.3587609933, 92.6158081144
181, 36.3722754818, 127.3587610286, 92.5942560770
182, 36.3722753507, 127.3587610466, 92.5663945200
183, 36.3722752476, 127.3587610553, 92.5124642448
184, 36.3722751160, 127.3587612427, 92.5093495790
185, 36.3722749924, 127.3587613624, 92.5207199277
186, 36.3722749639, 127.3587614407, 92.5306558646
187, 36.3722749773, 127.3587614422, 92.5055974759
188, 36.3722749525, 127.3587613802, 92.4459039224
189, 36.3722748737, 127.3587612771, 92.3798260828
190, 36.3722747625, 127.3587613118, 92.3537587635
191, 36.3722745026, 127.3587616201, 92.3754264936
192, 36.3722741582, 127.3587619691, 92.4002664648
193, 36.3722740114, 127.3587621315, 92.4073786577
194, 36.3722738184, 127.3587623206, 92.3852628451
195, 36.3722735426, 127.3587625539, 92.3732995698
196, 36.3722733057, 127.3587628191, 92.3698069453
197, 36.3722730887, 127.3587629741, 92.3763213074
198, 36.3722729381, 127.3587630533, 92.3628835557
199, 36.3722727301, 127.3587630419, 92.3046575394
200, 36.3722723703, 127.3587631047, 92.2475457815
201, 36.3722721134, 127.3587631434, 92.2077719206
202, 36.3722719063, 127.3587631543, 92.1737738438
203, 36.3722717775, 127.3587631920, 92.1471128808
204, 36.3722716098, 127.3587633834, 92.1355474768
205, 36.3722713457, 127.3587635581, 92.1323517933
206, 36.3722711535, 127.3587635580, 92.0841287328
207, 36.3722710621, 127.3587634765, 92.0306525975
208, 36.3722709931, 127.3587636937, 92.0495195789
209, 36.3722708618, 127.3587637949, 92.0299033504
210, 36.3722706878, 127.3587635716, 91.9621286578
211, 36.3722705497, 127.3587635854, 91.9269983061
212, 36.3722704227, 127.3587636859, 91.9229053380
213, 36.3722702836, 127.3587635990, 91.8894033758
214, 36.3722702297, 127.3587634826, 91.8298640903
215, 36.3722701993, 127.3587635760, 91.8397401357
216, 36.3722700567, 127.3587637530, 91.8825363824
217, 36.3722700889, 127.3587636815, 91.8679329399
218, 36.3722701243, 127.3587635186, 91.8431771360
219, 36.3722699946, 127.3587634573, 91.8258886170
220, 36.3722699952, 127.3587633030, 91.8037741231
221, 36.3722699240, 127.3587632144, 91.8023427371
222, 36.3722699547, 127.3587629741, 91.7609511567
223, 36.3722700013, 127.3587626449, 91.7017062632
224, 36.3722700328, 127.3587625141, 91.6713354457
225, 36.3722700580, 127.3587625817, 91.6982406704
226, 36.3722699821, 127.3587628010, 91.7489301963
227, 36.3722699053, 127.3587629781, 91.7804975975
228, 36.3722699800, 127.3587628864, 91.7755013471
229, 36.3722700474, 127.3587625220, 91.7163176956
230, 36.3722700708, 127.3587623562, 91.7076574527
231, 36.3722700179, 127.3587624231, 91.7598880539
232, 36.3722699202, 127.3587625201, 91.8088273052
233, 36.3722699168, 127.3587623719, 91.8140943730
234, 36.3722699539, 127.3587621184, 91.7939222055
235, 36.3722699282, 127.3587622438, 91.8300864613
236, 36.3722699139, 127.3587623294, 91.8480344480
237, 36.3722699463, 127.3587621698, 91.8189308140
238, 36.3722699721, 127.3587620956, 91.8276125826
239, 36.3722700778, 127.3587619899, 91.8206072124
240, 36.3722701550, 127.3587618797, 91.8091167118
241, 36.3722700958, 127.3587621265, 91.8689291757
242, 36.3722700599, 127.3587622435, 91.9060610095
243, 36.3722701667, 127.3587620388, 91.8724400513
244, 36.3722702612, 127.3587617747, 91.8261177950
245, 36.3722704148, 127.3587614746, 91.8011576068
246, 36.3722705593, 127.3587613342, 91.7944578342
247, 36.3722706495, 127.3587613340, 91.8142627645
248, 36.3722707266, 127.3587613572, 91.8385604564
249, 36.3722708227, 127.3587613549, 91.8344402937
250, 36.3722708913, 127.3587613447, 91.8404083429
251, 36.3722710643, 127.3587611066, 91.8173948443
252, 36.3722711641, 127.3587607490, 91.7389796330
253, 36.3722712943, 127.3587604791, 91.6848870879
254, 36.3722714241, 127.3587602214, 91.6498257769
255, 36.3722715366, 127.3587600819, 91.6388521167
256, 36.3722716233, 127.3587601932, 91.6700404454
257, 36.3722717448, 127.3587603548, 91.7114726584
258, 36.3722718937, 127.3587604874, 91.7502112398
259, 36.3722721351, 127.3587602931, 91.7124500517
260, 36.3722723044, 127.3587601495, 91.6984971566
261, 36.3722724486, 127.3587603535, 91.7404715782
262, 36.3722727023, 127.3587602594, 91.7420713482
263, 36.3722729285, 127.3587602895, 91.7481741672
264, 36.3722730661, 127.3587602494, 91.7333268533
265, 36.3722732627, 127.3587600676, 91.6994160060
266, 36.3722734290, 127.3587601689, 91.7192624658
267, 36.3722736322, 127.3587600550, 91.7152040536
268, 36.3722739166, 127.3587598936, 91.7003597915
269, 36.3722740650, 127.3587599066, 91.7064287579
270, 36.3722741795, 127.3587598324, 91.6891004294
271, 36.3722743117, 127.3587597907, 91.6983644748
272, 36.3722744905, 127.3587597230, 91.7017339291
273, 36.3722747363, 127.3587594134, 91.6532589551
274, 36.3722748842, 127.3587593897, 91.6570735266
275, 36.3722750052, 127.3587595364, 91.6869910788
276, 36.3722751400, 127.3587595361, 91.6829828778
277, 36.3722753172, 127.3587594559, 91.6733949389
278, 36.3722754574, 127.3587594569, 91.6731728474
279, 36.3722756192, 127.3587594616, 91.6860422315
280, 36.3722756958, 127.3587596338, 91.7252456807
281, 36.3722758924, 127.3587595307, 91.7183715161
282, 36.3722761195, 127.3587592814, 91.6796219582
283, 36.3722762426, 127.3587594970, 91.7245633295
284, 36.3722763865, 127.3587596388, 91.7566574709
285, 36.3722765543, 127.3587595821, 91.7447832748
286, 36.3722767375, 127.3587595172, 91.7410294106
287, 36.3722768457, 127.3587593635, 91.7320464160
288, 36.3722770256, 127.3587591703, 91.7173491102
289, 36.3722772565, 127.3587590540, 91.7046320504
290, 36.3722774957, 127.3587590170, 91.7011860469
291, 36.3722776630, 127.3587590659, 91.7204900961
292, 36.3722777622, 127.3587592738, 91.7736123595
293, 36.3722778578, 127.3587594213, 91.7970282761
294, 36.3722780284, 127.3587593295, 91.7860358208
295, 36.3722781488, 127.3587590607, 91.7444079490
296, 36.3722781730, 127.3587590313, 91.7303055441
297, 36.3722782381, 127.3587593159, 91.7901137313
298, 36.3722783829, 127.3587593182, 91.8091163626
299, 36.3722785163, 127.3587591468, 91.7924776096
300, 36.3722786634, 127.3587591073, 91.8015520973
301, 36.3722788025, 127.3587591289, 91.8271131674
302, 36.3722789270, 127.3587592210, 91.8763176417
303, 36.3722790749, 127.3587592852, 91.9216232244
304, 36.3722791929, 127.3587591285, 91.9087661579
305, 36.3722792526, 127.3587589823, 91.8945041588
306, 36.3722793737, 127.3587589051, 91.8996113846
307, 36.3722794292, 127.3587588909, 91.9035503510
308, 36.3722793873, 127.3587588767, 91.9088955885
309, 36.3722794304, 127.3587588325, 91.9033113196
310, 36.3722794346, 127.3587587503, 91.8935824102
311, 36.3722794280, 127.3587586620, 91.8885473125
312, 36.3722794704, 127.3587587239, 91.9075992899
313, 36.3722795152, 127.3587587791, 91.9170261063
314, 36.3722796588, 127.3587586920, 91.9129517181
315, 36.3722796571, 127.3587585565, 91.9015962612
316, 36.3722796039, 127.3587586413, 91.9146859050
317, 36.3722796002, 127.3587587710, 91.9489505654
318, 36.3722797030, 127.3587585976, 91.9528667582
319, 36.3722797881, 127.3587584066, 91.9479539869
320, 36.3722798430, 127.3587582884, 91.9464662997
321, 36.3722798306, 127.3587584565, 91.9735595584
322, 36.3722798453, 127.3587586512, 92.0231368691
323, 36.3722799660, 127.3587585385, 92.0317922682
324, 36.3722799242, 127.3587583142, 92.0153391091
325, 36.3722798610, 127.3587580503, 91.9607847827
326, 36.3722797528, 127.3587580042, 91.9256816953
327, 36.3722796447, 127.3587581334, 91.9500449914
328, 36.3722794746, 127.3587582701, 91.9546335051
329, 36.3722792660, 127.3587584068, 91.9607056295
330, 36.3722790953, 127.3587584286, 91.9489133023
331, 36.3722789576, 127.3587583437, 91.9093097309
332, 36.3722787504, 127.3587583384, 91.8657232607
333, 36.3722784813, 127.3587583938, 91.8411489539
334, 36.3722782163, 127.3587582837, 91.7973846626
335, 36.3722780250, 127.3587582101, 91.7648264226
336, 36.3722775190, 127.3587585312, 91.7722544363
337, 36.3722772249, 127.3587585249, 91.7189915711
338, 36.3722770871, 127.3587582549, 91.6441746727
339, 36.3722769237, 127.3587579107, 91.5432788199
340, 36.3722768939, 127.3587576621, 91.4669083068
341, 36.3722766702, 127.3587578717, 91.4967802931
342, 36.3722765046, 127.3587579677, 91.4976862231
343, 36.3722764994, 127.3587578622, 91.4223257424
344, 36.3722764457, 127.3587576855, 91.3622882608
345, 36.3722763679, 127.3587576654, 91.3254564600
346, 36.3722761564, 127.3587578203, 91.3048625337
347, 36.3722759301, 127.3587579829, 91.3143331660
348, 36.3722757940, 127.3587579331, 91.3028652100
349, 36.3722758737, 127.3587576996, 91.2584309252
350, 36.3722759013, 127.3587575915, 91.2208778253
351, 36.3722757673, 127.3587575133, 91.1953666415
352, 36.3722757373, 127.3587572444, 91.1511411229
353, 36.3722757298, 127.3587571482, 91.1403106097
354, 36.3722758126, 127.3587571068, 91.1478126412
355, 36.3722758693, 127.3587568966, 91.1228503175
356, 36.3722758971, 127.3587567683, 91.1149225822
357, 36.3722759835, 127.3587565167, 91.0962618981
358, 36.3722760404, 127.3587563919, 91.0795045765
359, 36.3722759915, 127.3587563603, 91.0899626901
360, 36.3722760584, 127.3587562626, 91.1063702907
361, 36.3722762343, 127.3587561223, 91.0974112740
362, 36.3722763858, 127.3587558206, 91.0472227428
363, 36.3722764837, 127.3587556006, 91.0233976617
364, 36.3722764291, 127.3587556400, 91.0472065713
365, 36.3722764177, 127.3587556156, 91.0336581357
366, 36.3722765246, 127.3587554129, 90.9949275786
367, 36.3722765429, 127.3587552289, 90.9792929236
368, 36.3722765307, 127.3587552462, 91.0200292189
369, 36.3722764886, 127.3587554266, 91.0775095075
370, 36.3722765279, 127.3587554117, 91.0788540421
371, 36.3722764457, 127.3587556858, 91.1316679176
372, 36.3722762879, 127.3587563882, 91.2868262669
373, 36.3722761221, 127.3587582527, 91.5068834964
374, 36.3722759851, 127.3587590952, 91.6041273493
375, 36.3722761696, 127.3587572982, 91.4483131748
376, 36.3722763498, 127.3587572551, 91.3711045366
377, 36.3722764913, 127.3587557779, 91.2170341974
378, 36.3722764782, 127.3587560822, 91.2605720470
379, 36.3722762725, 127.3587577746, 91.4578786278
380, 36.3722761378, 127.3587583615, 91.5612623869
381, 36.3722760139, 127.3587593573, 91.6557148742
382, 36.3722759622, 127.3587599526, 91.7144530956
383, 36.3722759817, 127.3587594305, 91.6784593258
384, 36.3722759661, 127.3587591510, 91.6533628432
385, 36.3722759031, 127.3587590269, 91.6438104920
386, 36.3722758327, 127.3587596164, 91.7109651053
387, 36.3722758550, 127.3587599015, 91.7552936133
388, 36.3722757929, 127.3587600956, 91.7528147567
389, 36.3722757291, 127.3587600840, 91.7061480563
390, 36.3722756923, 127.3587594677, 91.6358359447
391, 36.3722757407, 127.3587588773, 91.5636081314
392, 36.3722758640, 127.3587584017, 91.4693283970
393, 36.3722758370, 127.3587581115, 91.4109351020
394, 36.3722757207, 127.3587583090, 91.4407988526
395, 36.3722755902, 127.3587586192, 91.4771551909
396, 36.3722755338, 127.3587583817, 91.4447949817
397, 36.3722754507, 127.3587581964, 91.4072569385
398, 36.3722754764, 127.3587579155, 91.3503909269
399, 36.3722753587, 127.3587576604, 91.3574033268
400, 36.3722752155, 127.3587577026, 91.3991953330
401, 36.3722751454, 127.3587575807, 91.3913722914
402, 36.3722751065, 127.3587576192, 91.4026471367
403, 36.3722750155, 127.3587578230, 91.4391145296
404, 36.3722749988, 127.3587576644, 91.4562800312
405, 36.3722750112, 127.3587573953, 91.4426196376
406, 36.3722750507, 127.3587572249, 91.4667524509
407, 36.3722751120, 127.3587569763, 91.4452124080
408, 36.3722751074, 127.3587568039, 91.3958526608
409, 36.3722751353, 127.3587567515, 91.3872998422
410, 36.3722750477, 127.3587568425, 91.4086411027
411, 36.3722749716, 127.3587568169, 91.4361628341
412, 36.3722749195, 127.3587569332, 91.4573789127
413, 36.3722748921, 127.3587569762, 91.4985082168
414, 36.3722748710, 127.3587569153, 91.5212175855
415, 36.3722749583, 127.3587569064, 91.5306101814
416, 36.3722750373, 127.3587570855, 91.5839044675
417, 36.3722749888, 127.3587572738, 91.6410842277
418, 36.3722750384, 127.3587573115, 91.6471066633
419, 36.3722750485, 127.3587575317, 91.6540213404
420, 36.3722750720, 127.3587575782, 91.6748034181
421, 36.3722752386, 127.3587575457, 91.6751151141
422, 36.3722754346, 127.3587575457, 91.6548084421
423, 36.3722756272, 127.3587575680, 91.6533447998
424, 36.3722758303, 127.3587575677, 91.6619840302
425, 36.3722759503, 127.3587575552, 91.6538781310
426, 36.3722760094, 127.3587575290, 91.6644678032
427, 36.3722761371, 127.3587574801, 91.6951241121
428, 36.3722763701, 127.3587573944, 91.7267982578
429, 36.3722765363, 127.3587572659, 91.7013740465
430, 36.3722766625, 127.3587572616, 91.6582622407
431, 36.3722768299, 127.3587573164, 91.6716775279
432, 36.3722770141, 127.3587572233, 91.7010811176
433, 36.3722771950, 127.3587571435, 91.6955809090
434, 36.3722774000, 127.3587569290, 91.6251745606
435, 36.3722775726, 127.3587567198, 91.5724322386
436, 36.3722776910, 127.3587566045, 91.5751624247
437, 36.3722777393, 127.3587565286, 91.5874881567
438, 36.3722778936, 127.3587564230, 91.5896226726
439, 36.3722781627, 127.3587562275, 91.5603481485
440, 36.3722783981, 127.3587560209, 91.5167361628
441, 36.3722784892, 127.3587559615, 91.5274395812
442, 36.3722786824, 127.3587559221, 91.5434085140
443, 36.3722787496, 127.3587558618, 91.5629499499
444, 36.3722787061, 127.3587559053, 91.5587834474
445, 36.3722788838, 127.3587557900, 91.5350814322
446, 36.3722789653, 127.3587557713, 91.5636735419
447, 36.3722789037, 127.3587558875, 91.5900114346
448, 36.3722789577, 127.3587559357, 91.6044349913
449, 36.3722790251, 127.3587558760, 91.6013661176
450, 36.3722790935, 127.3587558313, 91.5918143177
451, 36.3722791972, 127.3587557037, 91.6042955248
452, 36.3722791151, 127.3587556848, 91.6135596978
453, 36.3722791094, 127.3587558021, 91.6133781075
454, 36.3722790111, 127.3587559317, 91.6166904951
455, 36.3722789798, 127.3587560463, 91.6550736278
456, 36.3722789461, 127.3587560491, 91.6612741603
457, 36.3722789251, 127.3587559228, 91.6047627823
458, 36.3722788879, 127.3587559153, 91.5973620182
459, 36.3722789324, 127.3587558215, 91.6075661695
460, 36.3722788925, 127.3587557890, 91.6437024903
461, 36.3722787968, 127.3587558759, 91.7261800254
462, 36.3722786935, 127.3587558549, 91.7168699177
463, 36.3722786060, 127.3587558320, 91.6869059913
464, 36.3722786145, 127.3587557051, 91.6515213018
465, 36.3722786155, 127.3587556697, 91.6433158852
466, 36.3722784957, 127.3587557768, 91.7130521899
467, 36.3722784303, 127.3587558019, 91.7483968418
468, 36.3722784463, 127.3587556920, 91.7449071910
469, 36.3722784231, 127.3587555392, 91.7437216416
470, 36.3722783049, 127.3587555327, 91.7791905738
471, 36.3722782660, 127.3587555125, 91.7853507586
472, 36.3722782586, 127.3587554896, 91.7920916164
473, 36.3722781760, 127.3587555742, 91.8095657714
474, 36.3722781105, 127.3587555755, 91.8036162211
475, 36.3722780107, 127.3587556440, 91.8539282037
476, 36.3722779284, 127.3587557956, 91.8841433879
477, 36.3722778437, 127.3587558107, 91.8903394574
478, 36.3722777635, 127.3587558025, 91.9129344765
479, 36.3722776117, 127.3587560214, 91.9446895039
480, 36.3722775744, 127.3587561840, 91.9283500100
481, 36.3722776050, 127.3587562062, 91.9197001010
482, 36.3722775463, 127.3587562767, 91.9294546656
483, 36.3722774086, 127.3587562858, 91.9442649009
484, 36.3722772747, 127.3587563934, 91.9640002903
485, 36.3722771950, 127.3587565905, 91.9646047046
486, 36.3722776627, 127.3587570835, 91.9852000214
487, 36.3722793811, 127.3587579193, 92.0012236033
488, 36.3722806179, 127.3587582593, 91.9962494550
489, 36.3722825160, 127.3587586826, 92.0188368959
490, 36.3722853535, 127.3587593059, 92.0533645805
491, 36.3722887312, 127.3587599314, 92.0630777292
492, 36.3722915887, 127.3587606446, 92.0979226828
493, 36.3722944685, 127.3587615357, 92.1427723188
494, 36.3722982056, 127.3587616441, 92.1542712925
495, 36.3723027800, 127.3587607463, 92.1710052667
496, 36.3723068902, 127.3587598605, 92.1907526283
497, 36.3723110366, 127.3587592415, 92.2058918932
498, 36.3723150207, 127.3587587206, 92.2524337173
499, 36.3723194746, 127.3587589928, 92.2663370250
500, 36.3723247032, 127.3587587079, 92.2752171289
501, 36.3723299382, 127.3587582567, 92.2783869635
502, 36.3723348951, 127.3587583739, 92.2856705599
503, 36.3723402846, 127.3587584927, 92.3119308604
504, 36.3723463514, 127.3587587558, 92.3305944921
505, 36.3723526053, 127.3587592064, 92.3493198482
506, 36.3723588739, 127.3587596551, 92.3918043841
507, 36.3723653698, 127.3587603273, 92.4243691722
508, 36.3723721003, 127.3587608991, 92.3967726296
509, 36.3723785873, 127.3587608690, 92.3191288421
510, 36.3723848792, 127.3587595587, 92.2239070470
511, 36.3723909249, 127.3587606534, 92.3282498168
512, 36.3723972332, 127.3587605117, 92.3774976023
513, 36.3724031996, 127.3587603085, 92.4113548994
514, 36.3724085524, 127.3587594414, 92.4282398755
515, 36.3724132429, 127.3587564581, 92.4361063279
516, 36.3724162696, 127.3587519552, 92.4398303600
517, 36.3724183050, 127.3587457708, 92.3915066123
518, 36.3724194177, 127.3587381297, 92.3745970307
519, 36.3724195585, 127.3587307501, 92.3771893606
520, 36.3724191031, 127.3587229225, 92.3714123173
521, 36.3724186349, 127.3587147034, 92.3678009845
522, 36.3724183245, 127.3587061880, 92.3743488817
523, 36.3724176668, 127.3586976876, 92.3819306754
524, 36.3724174004, 127.3586897819, 92.3788415296
525, 36.3724173054, 127.3586823308, 92.3506242130
526, 36.3724172469, 127.3586740190, 92.3324632179
527, 36.3724172394, 127.3586649221, 92.3247375283
528, 36.3724173502, 127.3586563907, 92.3574074907
529, 36.3724172549, 127.3586479595, 92.3853729405
530, 36.3724171498, 127.3586392849, 92.3670558240
531, 36.3724173986, 127.3586305033, 92.3629270131
532, 36.3724171112, 127.3586222154, 92.3959048148
533, 36.3724148521, 127.3586161219, 92.4359933501
534, 36.3724113118, 127.3586116952, 92.4639661079
535, 36.3724070279, 127.3586098552, 92.4689634386
536, 36.3724020032, 127.3586093884, 92.4199365294
537, 36.3723964360, 127.3586099649, 92.3826530408
538, 36.3723909568, 127.3586109309, 92.3953162525
539, 36.3723851365, 127.3586112339, 92.3925347235
540, 36.3723791539, 127.3586116184, 92.3672036659
541, 36.3723729008, 127.3586120795, 92.3808762887
542, 36.3723664501, 127.3586125749, 92.4018756300
543, 36.3723600365, 127.3586135478, 92.4316848759
544, 36.3723535849, 127.3586139394, 92.4103062041
545, 36.3723465240, 127.3586141534, 92.3972559758
546, 36.3723391247, 127.3586145990, 92.4432779886
547, 36.3723323421, 127.3586145382, 92.4338975176
548, 36.3723266439, 127.3586151272, 92.4438497247
549, 36.3723223164, 127.3586179316, 92.5089824591
550, 36.3723203499, 127.3586231627, 92.5400655298
551, 36.3723206672, 127.3586301420, 92.5397223486
552, 36.3723214076, 127.3586388819, 92.5423007375
553, 36.3723228744, 127.3586484193, 92.5687202867
554, 36.3723256592, 127.3586566904, 92.5876255790
555, 36.3723225318, 127.3586672077, 92.4547468405
556, 36.3723209667, 127.3586771069, 92.3341208305
557, 36.3723220783, 127.3586855753, 92.3107467704
558, 36.3723227469, 127.3586928967, 92.3302948950
559, 36.3723251767, 127.3586970158, 92.4620984094
560, 36.3723252053, 127.3587029220, 92.4848056985
561, 36.3723240597, 127.3587119146, 92.4275654396
562, 36.3723244137, 127.3587206851, 92.4081868054
563, 36.3723240542, 127.3587289648, 92.3929668711
564, 36.3723243382, 127.3587372254, 92.4101606114
565, 36.3723260707, 127.3587450109, 92.4000037163
566, 36.3723293466, 127.3587515818, 92.3783193659
567, 36.3723336021, 127.3587562245, 92.4130114615
568, 36.3723392540, 127.3587592548, 92.4716977747
569, 36.3723457087, 127.3587608323, 92.4962144503
570, 36.3723529952, 127.3587613011, 92.5027764281
571, 36.3723604173, 127.3587609724, 92.5134686837
572, 36.3723678511, 127.3587603132, 92.5139825167
573, 36.3723752915, 127.3587598509, 92.4895767076
574, 36.3723821715, 127.3587595079, 92.4579051267
575, 36.3723893424, 127.3587592491, 92.4350349400
576, 36.3723967754, 127.3587593901, 92.4163081106
577, 36.3724039801, 127.3587594670, 92.3722116435
578, 36.3724111385, 127.3587589709, 92.3538880609
579, 36.3724186287, 127.3587584313, 92.3770714235
580, 36.3724261763, 127.3587570915, 92.3634378407
581, 36.3724332427, 127.3587552133, 92.3149697483
582, 36.3724398178, 127.3587524040, 92.2891645664
583, 36.3724444840, 127.3587473318, 92.2617325597
584, 36.3724470352, 127.3587397937, 92.2642981587
585, 36.3724474609, 127.3587311383, 92.2852287740
586, 36.3724468246, 127.3587218443, 92.2498150924
587, 36.3724455910, 127.3587123557, 92.2090230556
588, 36.3724441103, 127.3587030176, 92.2012786958
589, 36.3724440584, 127.3586931561, 92.1911433004
590, 36.3724441698, 127.3586839690, 92.2144765649
591, 36.3724437191, 127.3586752495, 92.2391634444
592, 36.3724431917, 127.3586667120, 92.2525945203
593, 36.3724423194, 127.3586576347, 92.2748224335
594, 36.3724417333, 127.3586482467, 92.2517626220
595, 36.3724407777, 127.3586404076, 92.2054324327
596, 36.3724393598, 127.3586329884, 92.2321618106
597, 36.3724372457, 127.3586266985, 92.2183591798
598, 36.3724326123, 127.3586220774, 92.1837003622
599, 36.3724261239, 127.3586199717, 92.2425456187
600, 36.3724192722, 127.3586195920, 92.2657049187
601, 36.3724122837, 127.3586194813, 92.2536282269
602, 36.3724046516, 127.3586198122, 92.2292882651
603, 36.3723973208, 127.3586195686, 92.2110004360
604, 36.3723898125, 127.3586191608, 92.2239022693
605, 36.3723819866, 127.3586196119, 92.2600637730
606, 36.3723740226, 127.3586199705, 92.2685918696
607, 36.3723661782, 127.3586195636, 92.2040860420
608, 36.3723585851, 127.3586193778, 92.1766958544
609, 36.3723505335, 127.3586198149, 92.2274122182
610, 36.3723422063, 127.3586194584, 92.2258982789
611, 36.3723344455, 127.3586193869, 92.1804571049
612, 36.3723282840, 127.3586208040, 92.1592008471
613, 36.3723242554, 127.3586250968, 92.1467264323
614, 36.3723226957, 127.3586320338, 92.1403543931
615, 36.3723225369, 127.3586411279, 92.1008291813
616, 36.3723227747, 127.3586501835, 92.0679742042
617, 36.3723234024, 127.3586593329, 92.0687308004
618, 36.3723237541, 127.3586686261, 92.0906704059
619, 36.3723240569, 127.3586778067, 92.0815784782
620, 36.3723244301, 127.3586853885, 92.0628698142
621, 36.3723242392, 127.3586914177, 92.1171724284
622, 36.3723236431, 127.3586991110, 92.1674228292
623, 36.3723234031, 127.3587089834, 92.1272731228
624, 36.3723234103, 127.3587185461, 92.0805527400
625, 36.3723234372, 127.3587271403, 92.0695679076
626, 36.3723250844, 127.3587349798, 92.0605445942
627, 36.3723286221, 127.3587410569, 92.0732515706
628, 36.3723337180, 127.3587454579, 92.0933066057
629, 36.3723396850, 127.3587481603, 92.0870197434
630, 36.3723465391, 127.3587492423, 92.0692749079
631, 36.3723535513, 127.3587488651, 92.0655285968
632, 36.3723612633, 127.3587479684, 92.0483998926
633, 36.3723687092, 127.3587467818, 92.0392243275
634, 36.3723757805, 127.3587449918, 92.0305477083
635, 36.3723829807, 127.3587433225, 92.0104774889
636, 36.3723901927, 127.3587418618, 91.9985020468
637, 36.3723972390, 127.3587408570, 91.9706582790
638, 36.3724043549, 127.3587398877, 91.9634462046
639, 36.3724114522, 127.3587397159, 91.9757161932
640, 36.3724194639, 127.3587396352, 91.9822964752
641, 36.3724277265, 127.3587392319, 91.9604107449
642, 36.3724346344, 127.3587377219, 91.9409729047
643, 36.3724401068, 127.3587344087, 91.9297028845
644, 36.3724436300, 127.3587283699, 91.9167551389
645, 36.3724449208, 127.3587199378, 91.9459107835
646, 36.3724450488, 127.3587095482, 91.9862216236
647, 36.3724429058, 127.3587000092, 91.9607477002
648, 36.3724414567, 127.3586891960, 91.9388819411
649, 36.3724405884, 127.3586782770, 91.9313984364
650, 36.3724403874, 127.3586688362, 91.9969757311
651, 36.3724411675, 127.3586596758, 92.0602776268
652, 36.3724412577, 127.3586499659, 92.0698451297
653, 36.3724406273, 127.3586406660, 92.1106199035
654, 36.3724403701, 127.3586315832, 92.1067240164
655, 36.3724385257, 127.3586227720, 92.0550723867
656, 36.3724303682, 127.3586177018, 91.8970601661
657, 36.3724275601, 127.3586107179, 91.9529410573
658, 36.3724218342, 127.3586069885, 91.9987425236
659, 36.3724141047, 127.3586059214, 92.0357557936
660, 36.3724071353, 127.3586056926, 92.0657364968
661, 36.3723997582, 127.3586058744, 92.0792218428
662, 36.3723926812, 127.3586058084, 92.0897485185
663, 36.3723859400, 127.3586061492, 92.0639266819
664, 36.3723781949, 127.3586067977, 92.0122850202
665, 36.3723703439, 127.3586071298, 92.0106331883
666, 36.3723623526, 127.3586072721, 92.0694487169
667, 36.3723548544, 127.3586074610, 92.1223061197
668, 36.3723476177, 127.3586074945, 92.1405738341
669, 36.3723402977, 127.3586076001, 92.1447675079
670, 36.3723326572, 127.3586083165, 92.1712458115
671, 36.3723255155, 127.3586093069, 92.1389344791
672, 36.3723200421, 127.3586114362, 92.0856993571
673, 36.3723159103, 127.3586168349, 92.0591085423
674, 36.3723134405, 127.3586249602, 92.0128892846
675, 36.3723121536, 127.3586357945, 92.0097241588
676, 36.3723114428, 127.3586466412, 92.0426981151
677, 36.3723110987, 127.3586565774, 92.0602683770
678, 36.3723109809, 127.3586655690, 92.0358298067
679, 36.3723104309, 127.3586717505, 92.0145796016
680, 36.3723088869, 127.3586754818, 92.0058003059
681, 36.3723071197, 127.3586805290, 91.9920408055
682, 36.3723059023, 127.3586816992, 91.9879131624
683, 36.3723059519, 127.3586810529, 91.9544242918
684, 36.3723059847, 127.3586808645, 91.9602056453
685, 36.3723060447, 127.3586807578, 92.0085582612
686, 36.3723059903, 127.3586806898, 92.0512552364
687, 36.3723060058, 127.3586806801, 92.0549460836
688, 36.3723060522, 127.3586805662, 92.0485008517
689, 36.3723058118, 127.3586812981, 92.0776150459
690, 36.3723054939, 127.3586838861, 92.1018576557
691, 36.3723050381, 127.3586881233, 92.0932752732
692, 36.3723047513, 127.3586931156, 92.0957929324
693, 36.3723045179, 127.3586997484, 92.0956247412
694, 36.3723043290, 127.3587080927, 92.0733855292
695, 36.3723042360, 127.3587164529, 92.0146896308
696, 36.3723047319, 127.3587242759, 92.0110294251
697, 36.3723068744, 127.3587307492, 92.0786685823
698, 36.3723117179, 127.3587343858, 92.1364144366
699, 36.3723187123, 127.3587360000, 92.1236907747
700, 36.3723258591, 127.3587355952, 92.0742695117
701, 36.3723331587, 127.3587343380, 92.0763388462
702, 36.3723409357, 127.3587335544, 92.0952307386
703, 36.3723486180, 127.3587334373, 92.0475259181
704, 36.3723562237, 127.3587333553, 92.0559303528
705, 36.3723643980, 127.3587332938, 92.0555544682
706, 36.3723729921, 127.3587336999, 92.0036551645
707, 36.3723813191, 127.3587342322, 92.0163970068
708, 36.3723896983, 127.3587343975, 92.0514690848
709, 36.3723980123, 127.3587344768, 92.0895445524
710, 36.3724058798, 127.3587349352, 92.1019176245
711, 36.3724140228, 127.3587348509, 92.1065370822
712, 36.3724223968, 127.3587346687, 92.1214366835
713, 36.3724295843, 127.3587341727, 92.1428566063
714, 36.3724358159, 127.3587307679, 92.1351808924
715, 36.3724397374, 127.3587239756, 92.0696803313
716, 36.3724410823, 127.3587153291, 92.0647735819
717, 36.3724413626, 127.3587056475, 92.0935923988
718, 36.3724413445, 127.3586954506, 92.1435702406
719, 36.3724412511, 127.3586850322, 92.1502843937
720, 36.3724407134, 127.3586747385, 92.1104314318
721, 36.3724401619, 127.3586657648, 92.1116930759
722, 36.3724392052, 127.3586569666, 92.1174976649
723, 36.3724383060, 127.3586471371, 92.1113473531
724, 36.3724370964, 127.3586377292, 92.1434818581
725, 36.3724346125, 127.3586297253, 92.1979571888
726, 36.3724297798, 127.3586238598, 92.2198334811
727, 36.3724237393, 127.3586204446, 92.1856983211
728, 36.3724165479, 127.3586194999, 92.1496982537
729, 36.3724090556, 127.3586190030, 92.1055882769
730, 36.3724006146, 127.3586190053, 92.0721610002
731, 36.3723922473, 127.3586189462, 92.0870899176
732, 36.3723838623, 127.3586180514, 92.0843323190
733, 36.3723754492, 127.3586174689, 92.0442234930
734, 36.3723674874, 127.3586176967, 92.0146770906
735, 36.3723592469, 127.3586188452, 92.0014807675
736, 36.3723507851, 127.3586192862, 91.9942519423
737, 36.3723427549, 127.3586195548, 91.9758633422
738, 36.3723342777, 127.3586198538, 91.9307893468
739, 36.3723258509, 127.3586205309, 91.9143850477
740, 36.3723186303, 127.3586219692, 91.8913948219
741, 36.3723124859, 127.3586258441, 91.8373968210
742, 36.3723073352, 127.3586320892, 91.8066550680
743, 36.3723037771, 127.3586399214, 91.8356827330
744, 36.3723021270, 127.3586486915, 91.8458136180
745, 36.3723012994, 127.3586583833, 91.8669407582
746, 36.3723013198, 127.3586675671, 91.9428083934
747, 36.3723014653, 127.3586751132, 91.9757847944
748, 36.3723010975, 127.3586812501, 91.9599779407
749, 36.3723009282, 127.3586856865, 91.8960318826
750, 36.3723006853, 127.3586931022, 91.8655746952
751, 36.3723000464, 127.3587041132, 91.8753219210
752, 36.3722999013, 127.3587130611, 91.8784333328
753, 36.3723004154, 127.3587206601, 91.9009847557
754, 36.3723015142, 127.3587280410, 91.8900615834
755, 36.3723036269, 127.3587360410, 91.8893387839
756, 36.3723079061, 127.3587430299, 91.9122460736
757, 36.3723144717, 127.3587477540, 91.9230989451
758, 36.3723220678, 127.3587505642, 91.9393539783
759, 36.3723303161, 127.3587517202, 91.9527251963
760, 36.3723383044, 127.3587518976, 92.0027192999
761, 36.3723464530, 127.3587518988, 92.0403196821
762, 36.3723549518, 127.3587516026, 92.0360453194
763, 36.3723638573, 127.3587513530, 92.0184557568
764, 36.3723724469, 127.3587503653, 92.0722591123
765, 36.3723801513, 127.3587483638, 92.1548769111
766, 36.3723874117, 127.3587469879, 92.1592115825
767, 36.3723944772, 127.3587480108, 92.1460148478
768, 36.3724016573, 127.3587503718, 92.1342799235
769, 36.3724091720, 127.3587523591, 92.1395977261
770, 36.3724169899, 127.3587525380, 92.1799855884
771, 36.3724249671, 127.3587510346, 92.2154837539
772, 36.3724323585, 127.3587479913, 92.2757405313
773, 36.3724377619, 127.3587422358, 92.3280857392
774, 36.3724409367, 127.3587335776, 92.3430860788
775, 36.3724424553, 127.3587239018, 92.3305238336
776, 36.3724429558, 127.3587131881, 92.3132599294
777, 36.3724427604, 127.3587024263, 92.2852245262
778, 36.3724425690, 127.3586916236, 92.3134223679
779, 36.3724419147, 127.3586811951, 92.3872350799
780, 36.3724405030, 127.3586713579, 92.4002387719
781, 36.3724388983, 127.3586615442, 92.3746267082
782, 36.3724375862, 127.3586513184, 92.4007393764
783, 36.3724359831, 127.3586420541, 92.4457120867
784, 36.3724324376, 127.3586340111, 92.4690763773
785, 36.3724265335, 127.3586283943, 92.5028859721
786, 36.3724192888, 127.3586244701, 92.4905443490
787, 36.3724110329, 127.3586222812, 92.4801978637
788, 36.3724025069, 127.3586213759, 92.4620362092
789, 36.3723941217, 127.3586210094, 92.4377976675
790, 36.3723858407, 127.3586203596, 92.4560908210
791, 36.3723777081, 127.3586200495, 92.4487207420
792, 36.3723689840, 127.3586196067, 92.4422772098
793, 36.3723599382, 127.3586191399, 92.4850328956
794, 36.3723511684, 127.3586192476, 92.5153599950
795, 36.3723423777, 127.3586192728, 92.5034592887
796, 36.3723337872, 127.3586190052, 92.4636079911
797, 36.3723256841, 127.3586192659, 92.4215701753
798, 36.3723177818, 127.3586197644, 92.4074878776
799, 36.3723098633, 127.3586208836, 92.3836184060
800, 36.3723042099, 127.3586248246, 92.3856829591
801, 36.3723013911, 127.3586310345, 92.3609038694
802, 36.3723003805, 127.3586391523, 92.3374706544
803, 36.3722997745, 127.3586492181, 92.3566492265
804, 36.3722997821, 127.3586595427, 92.3252953971
805, 36.3723007117, 127.3586690700, 92.2965220716
806, 36.3723016358, 127.3586768646, 92.3323397804
807, 36.3723018543, 127.3586818074, 92.3626824161
808, 36.3723020419, 127.3586864557, 92.3521714751
809, 36.3723019080, 127.3586942019, 92.3313352233
810, 36.3723017398, 127.3587036734, 92.3229259262
811, 36.3723020109, 127.3587135221, 92.2692636382
812, 36.3723023448, 127.3587228378, 92.2618272873
813, 36.3723026139, 127.3587315199, 92.2888717884
814, 36.3723041791, 127.3587395007, 92.2539546238
815, 36.3723065519, 127.3587464007, 92.2560099103
816, 36.3723119052, 127.3587518102, 92.2717525307
817, 36.3723189450, 127.3587568786, 92.2541578328
818, 36.3723266391, 127.3587603422, 92.2443059105
819, 36.3723337320, 127.3587613788, 92.2141296500
820, 36.3723413899, 127.3587616712, 92.2027715305
821, 36.3723499660, 127.3587617831, 92.2346602967
822, 36.3723582402, 127.3587616213, 92.2393377116
823, 36.3723665980, 127.3587615750, 92.2058187742
824, 36.3723749978, 127.3587611769, 92.1724147219
825, 36.3723830529, 127.3587607524, 92.1656074813
826, 36.3723914698, 127.3587612606, 92.1979726171
827, 36.3723997620, 127.3587614178, 92.2399380924
828, 36.3724069423, 127.3587597504, 92.2272251518
829, 36.3724146675, 127.3587586081, 92.1913841171
830, 36.3724232756, 127.3587581877, 92.1889468897
831, 36.3724312934, 127.3587570631, 92.1637453455
832, 36.3724382899, 127.3587540257, 92.1466762582
833, 36.3724435486, 127.3587479588, 92.1269410318
834, 36.3724459119, 127.3587390817, 92.1135621006
835, 36.3724463968, 127.3587289895, 92.1247732732
836, 36.3724465714, 127.3587183596, 92.1594377998
837, 36.3724463716, 127.3587078049, 92.1444515977
838, 36.3724454372, 127.3586972800, 92.0864403015
839, 36.3724447902, 127.3586863028, 92.0318838870
840, 36.3724441753, 127.3586757847, 92.0207115225
841, 36.3724432407, 127.3586660735, 92.0536900833
842, 36.3724427829, 127.3586570360, 92.0811576126
843, 36.3724410500, 127.3586491119, 92.1210384397
844, 36.3724373851, 127.3586412633, 92.1329158098
845, 36.3724322920, 127.3586343756, 92.1190071413
846, 36.3724253314, 127.3586291644, 92.1131074028
847, 36.3724178886, 127.3586258055, 92.1587574659
848, 36.3724096993, 127.3586247650, 92.2280047610
849, 36.3724009624, 127.3586237895, 92.2290224414
850, 36.3723926331, 127.3586228027, 92.2151035471
851, 36.3723841294, 127.3586223636, 92.2384117059
852, 36.3723757090, 127.3586215086, 92.2167447787
853, 36.3723673684, 127.3586214596, 92.1693276325
854, 36.3723590701, 127.3586211158, 92.1433899337
855, 36.3723510826, 127.3586214593, 92.1857996471
856, 36.3723421641, 127.3586222771, 92.2355811605
857, 36.3723336156, 127.3586232642, 92.2063891413
858, 36.3723261483, 127.3586262345, 92.1675418383
859, 36.3723198518, 127.3586315634, 92.1919020088
860, 36.3723156046, 127.3586387151, 92.2033204595
861, 36.3723132293, 127.3586473782, 92.1762164515
862, 36.3723119546, 127.3586573239, 92.1674480727
863, 36.3723115282, 127.3586672873, 92.1663276460
864, 36.3723121137, 127.3586764019, 92.1597757535
865, 36.3723127646, 127.3586831961, 92.1240759362
866, 36.3723129333, 127.3586861631, 92.1449157484
867, 36.3723131120, 127.3586902140, 92.2024758169
868, 36.3723126557, 127.3586961033, 92.2070124205
869, 36.3723124544, 127.3587047436, 92.1821653424
870, 36.3723122007, 127.3587143156, 92.1672204183
871, 36.3723123086, 127.3587239788, 92.1614132291
872, 36.3723130401, 127.3587327335, 92.1544301137
873, 36.3723152098, 127.3587407662, 92.1521754805
874, 36.3723197068, 127.3587480248, 92.1366119068
875, 36.3723261900, 127.3587547315, 92.0984928394
876, 36.3723336232, 127.3587595930, 92.1353531247
877, 36.3723414478, 127.3587624049, 92.1853774246
878, 36.3723495337, 127.3587644101, 92.1590730958
879, 36.3723573989, 127.3587659360, 92.1605821252
880, 36.3723651108, 127.3587664833, 92.1545590255
881, 36.3723729706, 127.3587668464, 92.1157994531
882, 36.3723812900, 127.3587671119, 92.1272143805
883, 36.3723890279, 127.3587660318, 92.0915531302
884, 36.3723970502, 127.3587648862, 92.0349131599
885, 36.3724053791, 127.3587651004, 92.0382560184
886, 36.3724131763, 127.3587655050, 92.0339764925
887, 36.3724205496, 127.3587647007, 92.0132064354
888, 36.3724282187, 127.3587638131, 91.9752490651
889, 36.3724358651, 127.3587618897, 91.9476657063
890, 36.3724428001, 127.3587577302, 91.9439470796
891, 36.3724481181, 127.3587512970, 91.9229999343
892, 36.3724521371, 127.3587428826, 91.8763124933
893, 36.3724545446, 127.3587331407, 91.8549437383
894, 36.3724554293, 127.3587230673, 91.8792364821
895, 36.3724551819, 127.3587123962, 91.8782997774
896, 36.3724545122, 127.3587015726, 91.8178361552
897, 36.3724537839, 127.3586905569, 91.7679439001
898, 36.3724532909, 127.3586799370, 91.7572976956
899, 36.3724529531, 127.3586699470, 91.7582837055
900, 36.3724527344, 127.3586602235, 91.7434609681
901, 36.3724507899, 127.3586515321, 91.7389362399
902, 36.3724466971, 127.3586444982, 91.7778533371
903, 36.3724416027, 127.3586384831, 91.7998959245
904, 36.3724353624, 127.3586335172, 91.7819367489
905, 36.3724274116, 127.3586301540, 91.7833501706
906, 36.3724185941, 127.3586286902, 91.8164053513
907, 36.3724096329, 127.3586285785, 91.8131979229
908, 36.3724013625, 127.3586284713, 91.8121808171
909, 36.3723933867, 127.3586277077, 91.8267841246
910, 36.3723853379, 127.3586272284, 91.7709080456
911, 36.3723770721, 127.3586270936, 91.7054441273
912, 36.3723683695, 127.3586271656, 91.6872111475
913, 36.3723595136, 127.3586269961, 91.7112511424
914, 36.3723509718, 127.3586264055, 91.7031787978
915, 36.3723423635, 127.3586259156, 91.6528037414
916, 36.3723342436, 127.3586268967, 91.6037403177
917, 36.3723273660, 127.3586301853, 91.5833613984
918, 36.3723210558, 127.3586358333, 91.6023101229
919, 36.3723162439, 127.3586434613, 91.6563197980
920, 36.3723138865, 127.3586523708, 91.6837123986
921, 36.3723128240, 127.3586623552, 91.6575235501
922, 36.3723123487, 127.3586730546, 91.5953464955
923, 36.3723112940, 127.3586811830, 91.5540954275
924, 36.3723106135, 127.3586875507, 91.5600706432
925, 36.3723098058, 127.3586948880, 91.6292910259
926, 36.3723095705, 127.3587047149, 91.6888421765
927, 36.3723098100, 127.3587150309, 91.7153631095
928, 36.3723110813, 127.3587245507, 91.6987902904
929, 36.3723122436, 127.3587337787, 91.6640725443
930, 36.3723128052, 127.3587429948, 91.6965648569
931, 36.3723149363, 127.3587517164, 91.7513123909
932, 36.3723191374, 127.3587598002, 91.7683917796
933, 36.3723250426, 127.3587658531, 91.7943985257
934, 36.3723322305, 127.3587684851, 91.8167011254
935, 36.3723397506, 127.3587688661, 91.8029477699
936, 36.3723480186, 127.3587690371, 91.7953738626
937, 36.3723567962, 127.3587695150, 91.7931496380
938, 36.3723652207, 127.3587694578, 91.8013606202
939, 36.3723733235, 127.3587689947, 91.8481990220
940, 36.3723816951, 127.3587688578, 91.8159153191
941, 36.3723901051, 127.3587684622, 91.7771578552
942, 36.3723985785, 127.3587678791, 91.7836296568
943, 36.3724068776, 127.3587667897, 91.7913371446
944, 36.3724146479, 127.3587650189, 91.7955755722
945, 36.3724226360, 127.3587637487, 91.7763900217
946, 36.3724307363, 127.3587630166, 91.7543358020
947, 36.3724383166, 127.3587608266, 91.7679497786
948, 36.3724441738, 127.3587559948, 91.7454015519
949, 36.3724482220, 127.3587481615, 91.6826281641
950, 36.3724502978, 127.3587385704, 91.6691215783
951, 36.3724504251, 127.3587280351, 91.7055204967
952, 36.3724495684, 127.3587172268, 91.6962190680
953, 36.3724488820, 127.3587063283, 91.7071245406
954, 36.3724490130, 127.3586950879, 91.7521156063
955, 36.3724490371, 127.3586842731, 91.7139500473
956, 36.3724484472, 127.3586740807, 91.6998928599
957, 36.3724482247, 127.3586635582, 91.7542377226
958, 36.3724476088, 127.3586532481, 91.7639493542
959, 36.3724470320, 127.3586434729, 91.7786867032
960, 36.3724454276, 127.3586344801, 91.8287256658
961, 36.3724415381, 127.3586268172, 91.8469939278
962, 36.3724357230, 127.3586202252, 91.8269769717
963, 36.3724288282, 127.3586151856, 91.8230703026
964, 36.3724218754, 127.3586118891, 91.8337267619
965, 36.3724172003, 127.3586107261, 91.8225251595
966, 36.3724125706, 127.3586103484, 91.7888033483
967, 36.3724053951, 127.3586101553, 91.7688461216
968, 36.3723971625, 127.3586096855, 91.7565743066
969, 36.3723886234, 127.3586095897, 91.7727063494
970, 36.3723805811, 127.3586101493, 91.8065146757
971, 36.3723725722, 127.3586107089, 91.7973131081
972, 36.3723641227, 127.3586112423, 91.7748689298
973, 36.3723553477, 127.3586116879, 91.7857414400
974, 36.3723467797, 127.3586116518, 91.7822721908
975, 36.3723379661, 127.3586122873, 91.7407453032
976, 36.3723298252, 127.3586145839, 91.7805153215
977, 36.3723228648, 127.3586203844, 91.8140779221
978, 36.3723171552, 127.3586285683, 91.7954627527
979, 36.3723131797, 127.3586377596, 91.8095905315
980, 36.3723104426, 127.3586475675, 91.8275482533
981, 36.3723089644, 127.3586579604, 91.7803155789
982, 36.3723081778, 127.3586687549, 91.7493527085
983, 36.3723076965, 127.3586784671, 91.7833222682
984, 36.3723077252, 127.3586864120, 91.7863276601
985, 36.3723079283, 127.3586944873, 91.7999964571
986, 36.3723082892, 127.3587046772, 91.8475591512
987, 36.3723090536, 127.3587160745, 91.8570522387
988, 36.3723100363, 127.3587270693, 91.8625832433
989, 36.3723115163, 127.3587369574, 91.8578486014
990, 36.3723150798, 127.3587452072, 91.8730737874
991, 36.3723211501, 127.3587517254, 91.9377302695
992, 36.3723285098, 127.3587572263, 91.9567842130
993, 36.3723358658, 127.3587610608, 91.9041677453
994, 36.3723436641, 127.3587637958, 91.8796572192
995, 36.3723521098, 127.3587658074, 91.9045078820
996, 36.3723608929, 127.3587672700, 91.9215677027
997, 36.3723696359, 127.3587685445, 91.9372358955
998, 36.3723783963, 127.3587698450, 91.9595395820
999, 36.3723870793, 127.3587711580, 92.0184180271
1000, 36.3723957374, 127.3587689357, 91.9762155069
